"","text","favorited","favoriteCount","replyToSN","created","truncated","replyToSID","id","replyToUID","statusSource","screenName","retweetCount","isRetweet","retweeted","longitude","latitude","location","language","profileImageURL"
"1","RT @News12NJ: Devils' Brian Boyle diagnosed with cancer, expects to keep playing https://t.co/bQe2Pr7C5p #njmorningshow https://t.co/lN0rnr‚Ä¶",FALSE,0,NA,2017-09-20 13:55:24,FALSE,NA,"910502657357434880",NA,"<a href=""http://twitter.com"" rel=""nofollow"">Twitter Web Client</a>","TheTornadoNews",3,TRUE,FALSE,NA,NA,"Orange, NJ","en","http://pbs.twimg.com/profile_images/2606677128/m6w8g5j8mo5xwjz2kc4v_normal.jpeg"
"2","RT @upulie: I'm hoping that I can successfully replicate my experiment and thus create reliable nanoparticles that can deliver therapies to‚Ä¶",FALSE,0,NA,2017-09-20 13:55:24,FALSE,NA,"910502656891850753",NA,"<a href=""http://twitter.com/download/android"" rel=""nofollow"">Twitter for Android</a>","phineassmith600",2332,TRUE,FALSE,NA,NA,"West Midlands, England","en","http://pbs.twimg.com/profile_images/889779508013916160/OOJ34Ryc_normal.jpg"
"3","RT @Soligenix_Inc: We are receiving $1.5 Million NIDCR SBIR Grant Award Supporting the Pivotal Phase 3 Clinical Trial of SGX942 $SNGX https‚Ä¶",FALSE,0,NA,2017-09-20 13:55:24,FALSE,NA,"910502656833024002",NA,"<a href=""http://twitter.com/download/android"" rel=""nofollow"">Twitter for Android</a>","dejaaawejaaa808",147,TRUE,FALSE,NA,NA,"DFW","en","http://pbs.twimg.com/profile_images/764944012247695365/80ErpUjw_normal.jpg"
"4","You may reach your emotional limit today, especially if you ar... More for Cancer https://t.co/LcGvsWyOMe",FALSE,0,NA,2017-09-20 13:55:24,FALSE,NA,"910502656002551808",NA,"<a href=""http://www.twittascope.com"" rel=""nofollow"">Twittascope</a>","Only1SheaButtah",0,FALSE,FALSE,NA,NA,"Above Your Influence","en","http://pbs.twimg.com/profile_images/378800000425607889/fd61a0edc73a0755ae61434e7926c068_normal.jpeg"
"5","RT @caitrionambalfe: I gave my #firsttenner to @wchildcancer to help children with cancer in developing countries, WILL YOU? Ì†ΩÌ≤∑ #UKaid https‚Ä¶",FALSE,0,NA,2017-09-20 13:55:23,FALSE,NA,"910502654060752904",NA,"<a href=""http://twitter.com/download/android"" rel=""nofollow"">Twitter for Android</a>","AthenaNike15",321,TRUE,FALSE,NA,NA,"#RikSide","it","http://pbs.twimg.com/profile_images/817636508043776000/mTL1SoEj_normal.jpg"
"6","You may reach your emotional limit today, especially if you ar... More for Cancer https://t.co/PnwXZRPuCN",FALSE,0,NA,2017-09-20 13:55:23,FALSE,NA,"910502653989314560",NA,"<a href=""http://www.twittascope.com"" rel=""nofollow"">Twittascope</a>","ChrisUfniarz",0,FALSE,FALSE,NA,NA,"bristol ","en","http://pbs.twimg.com/profile_images/3020317135/4f104788fa560889443e3febdc3c28a4_normal.jpeg"
"7","Seriously fuck cancer",FALSE,0,NA,2017-09-20 13:55:23,FALSE,NA,"910502651972001792",NA,"<a href=""http://twitter.com/download/iphone"" rel=""nofollow"">Twitter for iPhone</a>","KellieKilsby",0,FALSE,FALSE,NA,NA,"Dylan leone‚ù§Ô∏è","en","http://pbs.twimg.com/profile_images/896082399343325193/n66uFG4Y_normal.jpg"
"8","RT @brianschatz: Under this bill, pregnancy will cost you an extra 17K. Metastatic cancer 172K. Autism 5K. Asthma 4K. This isn't a healthca‚Ä¶",FALSE,0,NA,2017-09-20 13:55:23,FALSE,NA,"910502651707527170",NA,"<a href=""http://twitter.com/download/iphone"" rel=""nofollow"">Twitter for iPhone</a>","icepalace3m",52247,TRUE,FALSE,NA,NA,"","en","http://pbs.twimg.com/profile_images/814619529720406016/Cj6Qbz2g_normal.jpg"
"9","You may reach your emotional limit today, especially if you ar... More for Cancer https://t.co/j9yTh8mrAb",FALSE,0,NA,2017-09-20 13:55:22,FALSE,NA,"910502649627238400",NA,"<a href=""http://www.twittascope.com"" rel=""nofollow"">Twittascope</a>","Cherriaide",0,FALSE,FALSE,NA,NA,"Its a LoNdOn Ting","en","http://pbs.twimg.com/profile_images/563884908456968192/Xwudvz6j_normal.jpeg"
"10","RT @INDIEWASHERE: me: *clears my throat*
webMD: cancer.",FALSE,0,NA,2017-09-20 13:55:22,FALSE,NA,"910502649514008576",NA,"<a href=""http://twitter.com/download/iphone"" rel=""nofollow"">Twitter for iPhone</a>","3cvFb",181,TRUE,FALSE,NA,NA,"","en","http://pbs.twimg.com/profile_images/908346535796264960/wqQvvy17_normal.jpg"
"11","We're excited to set-up a table at the @astros game tonight as part of Childhood Cancer Awareness Week!! 

Added bonus: It's Ì†ΩÌ≤µÌ†ºÌº≠night!!",FALSE,0,NA,2017-09-20 13:55:22,FALSE,NA,"910502649090289669",NA,"<a href=""http://twitter.com"" rel=""nofollow"">Twitter Web Client</a>","LaurelsArmy",0,FALSE,FALSE,NA,NA,"Houston, TX","en","http://pbs.twimg.com/profile_images/1437771632/Laurels_Army_normal.jpg"
"12","RT @ParkerMolloy: Something about POTUS blocking someone w/ stage 4 cancer ahead of the push to strip health care from millions seems a bit‚Ä¶",FALSE,0,NA,2017-09-20 13:55:22,FALSE,NA,"910502648327163906",NA,"<a href=""http://twitter.com/download/iphone"" rel=""nofollow"">Twitter for iPhone</a>","lanekisonak",6,TRUE,FALSE,NA,NA,"D.C.","en","http://pbs.twimg.com/profile_images/696105342040612864/Fl0eP7c7_normal.jpg"
"13","You may reach your emotional limit today, especially if you ar... More for Cancer https://t.co/ea4maB7kXm",FALSE,0,NA,2017-09-20 13:55:22,FALSE,NA,"910502647953637376",NA,"<a href=""http://www.twittascope.com"" rel=""nofollow"">Twittascope</a>","roxy_1girl",0,FALSE,FALSE,NA,NA,"Jamaica","en","http://pbs.twimg.com/profile_images/486177502704832513/PoV1BKoq_normal.jpeg"
"14","@TacitumDefectio ¬´ pull away. ""Why would you do this to me?"" Luna mumbles, tears streaming down her cheeks.

This d‚Ä¶ https://t.co/qYkbdEruqZ",FALSE,0,"Dolor_Cordis",2017-09-20 13:55:21,TRUE,"910502299151331334","910502646678683648","910190399368646656","<a href=""http://twitter.com/download/android"" rel=""nofollow"">Twitter for Android</a>","Dolor_Cordis",0,FALSE,FALSE,NA,NA,"Riverdale","en","http://pbs.twimg.com/profile_images/910193317295611904/lmCZ8QHC_normal.jpg"
"15","RT @brianschatz: Under this bill, pregnancy will cost you an extra 17K. Metastatic cancer 172K. Autism 5K. Asthma 4K. This isn't a healthca‚Ä¶",FALSE,0,NA,2017-09-20 13:55:21,FALSE,NA,"910502646590705670",NA,"<a href=""http://twitter.com/download/iphone"" rel=""nofollow"">Twitter for iPhone</a>","LeAnn_Paris",52247,TRUE,FALSE,NA,NA,"EMU ","en","http://pbs.twimg.com/profile_images/829395265442443267/lBx9srHv_normal.jpg"
"16","You may reach your emotional limit today, especially if you ar... More for Cancer https://t.co/ynw8fO2Zv8",FALSE,0,NA,2017-09-20 13:55:21,FALSE,NA,"910502646494126080",NA,"<a href=""http://www.twittascope.com"" rel=""nofollow"">Twittascope</a>","Jaztbabes",0,FALSE,FALSE,NA,NA,"Somewhere on Cloud Mine :)","en","http://pbs.twimg.com/profile_images/736722655932350464/4tqJxPI5_normal.jpg"
"17","You may reach your emotional limit today, especially if you ar... More for Cancer https://t.co/arDhfCVfhK",FALSE,0,NA,2017-09-20 13:55:21,FALSE,NA,"910502645604917251",NA,"<a href=""http://www.twittascope.com"" rel=""nofollow"">Twittascope</a>","Its_Oatmeal",0,FALSE,FALSE,NA,NA,"Morehead, KY","en","http://pbs.twimg.com/profile_images/902033426651512832/Bg2JXZJC_normal.jpg"
"18","You may reach your emotional limit today, especially if you ar... More for Cancer https://t.co/sYwXsJ0p4o",FALSE,0,NA,2017-09-20 13:55:21,FALSE,NA,"910502644568883201",NA,"<a href=""http://www.twittascope.com"" rel=""nofollow"">Twittascope</a>","Linds_Followell",0,FALSE,FALSE,NA,NA,"","en","http://pbs.twimg.com/profile_images/562747360259112961/IeiJ1qM1_normal.jpeg"
"19","RT @renalandurology: Early NLR changes predict mRCC immunotherapy outcomes https://t.co/NExem0dVzY",FALSE,0,NA,2017-09-20 13:55:21,FALSE,NA,"910502644283670528",NA,"<a href=""http://twitter.com/download/iphone"" rel=""nofollow"">Twitter for iPhone</a>","nbasappaCCI",2,TRUE,FALSE,NA,NA,"","en","http://pbs.twimg.com/profile_images/753009085583282177/pn_2A9Uk_normal.jpg"
"20","RT @brianschatz: Under this bill, pregnancy will cost you an extra 17K. Metastatic cancer 172K. Autism 5K. Asthma 4K. This isn't a healthca‚Ä¶",FALSE,0,NA,2017-09-20 13:55:21,FALSE,NA,"910502644103258112",NA,"<a href=""http://twitter.com/download/iphone"" rel=""nofollow"">Twitter for iPhone</a>","valerievasque10",52247,TRUE,FALSE,NA,NA,"*Ã£Ã©ÀöÃ£Ã£‚Å∫Ã£‚Äß‡∑ÜÀüÃëÀöÃëÀüÃë‡∑Ü‚Äß‚Å∫Ã£ÀöÃ£Ã£*Ã£Ã© ","en","http://pbs.twimg.com/profile_images/910363207205826561/25P_PjY9_normal.jpg"
"21","You may reach your emotional limit today, especially if you ar... More for Cancer https://t.co/kID5lCyyyC",FALSE,0,NA,2017-09-20 13:55:20,FALSE,NA,"910502641788059648",NA,"<a href=""http://www.twittascope.com"" rel=""nofollow"">Twittascope</a>","crystallynn_x0",0,FALSE,FALSE,NA,NA,"","en","http://pbs.twimg.com/profile_images/378800000703799604/41d9d3032814159ebb8025a16fffac88_normal.jpeg"
"22","RT @Hisfancygal_: Me RT @TheCancerSign: #Cancer parents are over protective because they are worried about their kids while they are out of‚Ä¶",FALSE,0,NA,2017-09-20 13:55:20,FALSE,NA,"910502641737830400",NA,"<a href=""http://twitter.com/download/iphone"" rel=""nofollow"">Twitter for iPhone</a>","Tiaferbmom",1,TRUE,FALSE,NA,NA,"Minding my business ","en","http://pbs.twimg.com/profile_images/896795215243202560/PW8lo2GR_normal.jpg"
"23","RT @brianschatz: Under this bill, pregnancy will cost you an extra 17K. Metastatic cancer 172K. Autism 5K. Asthma 4K. This isn't a healthca‚Ä¶",FALSE,0,NA,2017-09-20 13:55:20,FALSE,NA,"910502640668352517",NA,"<a href=""http://twitter.com/download/iphone"" rel=""nofollow"">Twitter for iPhone</a>","MoneyMyles_21",52247,TRUE,FALSE,NA,NA,"New Jersey, USA","en","http://pbs.twimg.com/profile_images/830708717440077824/ViMs3RNL_normal.jpg"
"24","RT @brianschatz: Under this bill, pregnancy will cost you an extra 17K. Metastatic cancer 172K. Autism 5K. Asthma 4K. This isn't a healthca‚Ä¶",FALSE,0,NA,2017-09-20 13:55:20,FALSE,NA,"910502639800082432",NA,"<a href=""http://twitter.com/download/iphone"" rel=""nofollow"">Twitter for iPhone</a>","yungfineapple",52247,TRUE,FALSE,NA,NA,"NYC","en","http://pbs.twimg.com/profile_images/908787693450137600/m88fP1ys_normal.jpg"
"25","RT @Unpersuaded112: A good number of Evangelics are hypocrites, they gave us GW #Bush &amp; #Iraq &amp; now #trump &amp; #Russia #religion #cancer http‚Ä¶",FALSE,0,NA,2017-09-20 13:55:20,FALSE,NA,"910502639078535169",NA,"<a href=""http://twitter.com/download/iphone"" rel=""nofollow"">Twitter for iPhone</a>","honsteins",68,TRUE,FALSE,NA,NA,"Boulder County, CO","en","http://pbs.twimg.com/profile_images/870037775298420737/UJfeviec_normal.jpg"
"26","You may reach your emotional limit today, especially if you ar... More for Cancer https://t.co/Dv4dTQNr6p",FALSE,0,NA,2017-09-20 13:55:19,FALSE,NA,"910502636213825536",NA,"<a href=""http://www.twittascope.com"" rel=""nofollow"">Twittascope</a>","__Germ__",0,FALSE,FALSE,NA,NA,"Costco","en","http://pbs.twimg.com/profile_images/788227160519610368/fO-Vk4L1_normal.jpg"
"27","You may reach your emotional limit today, especially if you ar... More for Cancer https://t.co/kLTGcXsdRU",FALSE,0,NA,2017-09-20 13:55:19,FALSE,NA,"910502635035271168",NA,"<a href=""http://www.twittascope.com"" rel=""nofollow"">Twittascope</a>","A_GAME4Q",0,FALSE,FALSE,NA,NA,"asshole,reckless ","en","http://pbs.twimg.com/profile_images/901621091285729282/FYHiERq4_normal.jpg"
"28","You may reach your emotional limit today, especially if you ar... More for Cancer https://t.co/w3DaaxYPyA",FALSE,0,NA,2017-09-20 13:55:19,FALSE,NA,"910502634586390528",NA,"<a href=""http://www.twittascope.com"" rel=""nofollow"">Twittascope</a>","kogoro6",0,FALSE,FALSE,NA,NA,"","en","http://pbs.twimg.com/profile_images/2466775313/iigjuag694t3ue0s4mdp_normal.jpeg"
"29","RT @brianschatz: Under this bill, pregnancy will cost you an extra 17K. Metastatic cancer 172K. Autism 5K. Asthma 4K. This isn't a healthca‚Ä¶",FALSE,0,NA,2017-09-20 13:55:19,FALSE,NA,"910502634456584192",NA,"<a href=""http://twitter.com/download/iphone"" rel=""nofollow"">Twitter for iPhone</a>","probablyolly",52247,TRUE,FALSE,NA,NA,"NJ","en","http://pbs.twimg.com/profile_images/893396512260096000/CgqWiafl_normal.jpg"
"30","Da Charitable Way: Offset Is Raising $500,000 For The American Cancer¬†Society https://t.co/SrVrO13s7W https://t.co/zQhx8AStB5",FALSE,0,NA,2017-09-20 13:55:17,FALSE,NA,"910502629930762245",NA,"<a href=""http://publicize.wp.com/"" rel=""nofollow"">WordPress.com</a>","StoryDotNG",0,FALSE,FALSE,NA,NA,"Nigeria","en","http://pbs.twimg.com/profile_images/907053365468770304/wVCUmeFf_normal.jpg"
"31","You may reach your emotional limit today, especially if you ar... More for Cancer https://t.co/1Aq3YXINuZ",FALSE,0,NA,2017-09-20 13:55:17,FALSE,NA,"910502628194361345",NA,"<a href=""http://www.twittascope.com"" rel=""nofollow"">Twittascope</a>","boxofoxes_",0,FALSE,FALSE,NA,NA,"Kokiri Forest","en","http://pbs.twimg.com/profile_images/908904365695668225/HT4QKKt4_normal.jpg"
"32","You may reach your emotional limit today, especially if you ar... More for Cancer https://t.co/hwHW3LFHpW",FALSE,0,NA,2017-09-20 13:55:17,FALSE,NA,"910502628152434688",NA,"<a href=""http://www.twittascope.com"" rel=""nofollow"">Twittascope</a>","Tz_emy",0,FALSE,FALSE,NA,NA,"Nigeria","en","http://pbs.twimg.com/profile_images/889555186313777152/6jrHOOD9_normal.jpg"
"33","RT @brianschatz: Under this bill, pregnancy will cost you an extra 17K. Metastatic cancer 172K. Autism 5K. Asthma 4K. This isn't a healthca‚Ä¶",FALSE,0,NA,2017-09-20 13:55:17,FALSE,NA,"910502626856509441",NA,"<a href=""http://twitter.com/download/iphone"" rel=""nofollow"">Twitter for iPhone</a>","foetus_easter",52247,TRUE,FALSE,NA,NA,"plant earthh, bab!","en","http://pbs.twimg.com/profile_images/908369739294101504/tA5_fFjW_normal.jpg"
"34","RT @LucidWhim: Tweeting this because my young daughter is fighting breast cancer. If it gets 1 retweet it might save a life. https://t.co/t‚Ä¶",FALSE,0,NA,2017-09-20 13:55:16,FALSE,NA,"910502624977346566",NA,"<a href=""http://twitter.com/download/android"" rel=""nofollow"">Twitter for Android</a>","fabhowlter",242028,TRUE,FALSE,NA,NA,"( Õ°¬∞ Õú ñ Õ°¬∞)                 ph","en","http://pbs.twimg.com/profile_images/883538097950019588/5iyEW-Nz_normal.jpg"
"35","You may reach your emotional limit today, especially if you ar... More for Cancer https://t.co/LOyBDfAbRy",FALSE,0,NA,2017-09-20 13:55:16,FALSE,NA,"910502623945486337",NA,"<a href=""http://www.twittascope.com"" rel=""nofollow"">Twittascope</a>","dutchess_oulah",0,FALSE,FALSE,NA,NA,"In His Arms.....:)","en","http://pbs.twimg.com/profile_images/3315712779/9fee1768f200ccb5173aeda343fe2409_normal.jpeg"
"36","RT @brianschatz: Under this bill, pregnancy will cost you an extra 17K. Metastatic cancer 172K. Autism 5K. Asthma 4K. This isn't a healthca‚Ä¶",FALSE,0,NA,2017-09-20 13:55:16,FALSE,NA,"910502623899525120",NA,"<a href=""http://twitter.com/download/iphone"" rel=""nofollow"">Twitter for iPhone</a>","andreanoricel",52247,TRUE,FALSE,NA,NA,"","en","http://pbs.twimg.com/profile_images/550744994643197954/CtV52CmQ_normal.jpeg"
"37","RT @brianschatz: Under this bill, pregnancy will cost you an extra 17K. Metastatic cancer 172K. Autism 5K. Asthma 4K. This isn't a healthca‚Ä¶",FALSE,0,NA,2017-09-20 13:55:16,FALSE,NA,"910502623022682115",NA,"<a href=""http://twitter.com/download/iphone"" rel=""nofollow"">Twitter for iPhone</a>","ReelDancing",52247,TRUE,FALSE,NA,NA,"Rohan, Middle Earth","en","http://pbs.twimg.com/profile_images/869947648240779264/dMTNcESV_normal.jpg"
"38","RT @brianschatz: Under this bill, pregnancy will cost you an extra 17K. Metastatic cancer 172K. Autism 5K. Asthma 4K. This isn't a healthca‚Ä¶",FALSE,0,NA,2017-09-20 13:55:16,FALSE,NA,"910502622867505152",NA,"<a href=""http://twitter.com/download/iphone"" rel=""nofollow"">Twitter for iPhone</a>","Mr_Big_Head",52247,TRUE,FALSE,NA,NA,"Buffalo, NY","en","http://pbs.twimg.com/profile_images/843155229440851969/k0U50rjJ_normal.jpg"
"39","RT @brianschatz: Under this bill, pregnancy will cost you an extra 17K. Metastatic cancer 172K. Autism 5K. Asthma 4K. This isn't a healthca‚Ä¶",FALSE,0,NA,2017-09-20 13:55:16,FALSE,NA,"910502622683029504",NA,"<a href=""http://twitter.com/download/iphone"" rel=""nofollow"">Twitter for iPhone</a>","Jooceelinee_",52247,TRUE,FALSE,NA,NA,"","en","http://pbs.twimg.com/profile_images/824108545826320384/FjOffGIz_normal.jpg"
"40","My God is so good! A family friend has cancer and she just got news her tumor has shrunk! Prayers are the most powerful force in this world‚ù§",FALSE,0,NA,2017-09-20 13:55:16,FALSE,NA,"910502622188179457",NA,"<a href=""http://twitter.com/download/iphone"" rel=""nofollow"">Twitter for iPhone</a>","atrizzlee",0,FALSE,FALSE,NA,NA,"","en","http://pbs.twimg.com/profile_images/908456395258900480/U0l2eaaa_normal.jpg"
"41","RT @BobCrawfordBass: .Cancer effects the whole family. Read about how Hallie's cancer impacts her little brother. https://t.co/qycKT3QBV5",FALSE,0,NA,2017-09-20 13:55:15,FALSE,NA,"910502618446860288",NA,"<a href=""http://twitter.com/download/iphone"" rel=""nofollow"">Twitter for iPhone</a>","kerryjgriff",4,TRUE,FALSE,NA,NA,"arkansas","en","http://pbs.twimg.com/profile_images/792715352727691265/hrioHJQq_normal.jpg"
"42","Study: Chest CT exams still overused for early stage breast cancer patients. https://t.co/SugAVBQwAC #imaging‚Ä¶ https://t.co/ZVE7U0tjgL",FALSE,0,NA,2017-09-20 13:55:14,TRUE,NA,"910502615783485441",NA,"<a href=""http://www.hootsuite.com"" rel=""nofollow"">Hootsuite</a>","Applied_Rad",0,FALSE,FALSE,NA,NA,"Scotch Plains, NJ","en","http://pbs.twimg.com/profile_images/1196460538/AR_logo_black_normal.jpg"
"43","@lungsta42 And it's always cancer Ì†ΩÌ∏≠",FALSE,0,"lungsta42",2017-09-20 13:55:14,FALSE,"910497505757900801","910502614646878208","192501147","<a href=""http://twitter.com/download/android"" rel=""nofollow"">Twitter for Android</a>","skhulile_maseko",0,FALSE,FALSE,NA,NA,"Swaziland","en","http://pbs.twimg.com/profile_images/895870030092435457/0vzPVc29_normal.jpg"
"44","""One-third of women diagnosed with breast cancer said they were more scared of how they would be able to pay for... https://t.co/HBMhGoNsWc",FALSE,0,NA,2017-09-20 13:55:14,FALSE,NA,"910502614386712577",NA,"<a href=""http://www.facebook.com/twitter"" rel=""nofollow"">Facebook</a>","KnowWhatCounts",0,FALSE,FALSE,NA,NA,"Oklahoma","en","http://pbs.twimg.com/profile_images/757645764789018624/HOySqkSQ_normal.jpg"
"45","California may have labelled #coffee with a cancer warning (they've labelled planes too!) but no need to panic: https://t.co/9Rx299D3ZF",FALSE,0,NA,2017-09-20 13:55:14,FALSE,NA,"910502614013562880",NA,"<a href=""http://www.hootsuite.com"" rel=""nofollow"">Hootsuite</a>","Bovidiva",0,FALSE,FALSE,NA,NA,"Oxfordshire, UK","en","http://pbs.twimg.com/profile_images/803920653212598272/DmCIXwa0_normal.jpg"
"46","Curcumin actually stops laboratory strains of melanoma from proliferating and pushes the cancer cells to commit... https://t.co/55rNInR5vR",FALSE,0,NA,2017-09-20 13:55:14,FALSE,NA,"910502613778599936",NA,"<a href=""http://www.facebook.com/twitter"" rel=""nofollow"">Facebook</a>","Dorunda",0,FALSE,FALSE,NA,NA,"USA","en","http://pbs.twimg.com/profile_images/817417347887693826/Q9xRTAG3_normal.jpg"
"47","You may reach your emotional limit today, especially if you ar... More for Cancer https://t.co/YfhTqgk45x",FALSE,0,NA,2017-09-20 13:55:13,FALSE,NA,"910502612155301890",NA,"<a href=""http://www.twittascope.com"" rel=""nofollow"">Twittascope</a>","YoBoiTraffic",0,FALSE,FALSE,NA,NA,"","en","http://pbs.twimg.com/profile_images/510616557534601216/PouxeLRK_normal.jpeg"
"48","RT @futurism: This could revolutionize cancer treatments. https://t.co/KnS5J5w6XQ",FALSE,0,NA,2017-09-20 13:55:13,FALSE,NA,"910502610444091392",NA,"<a href=""http://twitter.com/download/iphone"" rel=""nofollow"">Twitter for iPhone</a>","StatikBanks",32,TRUE,FALSE,NA,NA,"The Carolina West","en","http://pbs.twimg.com/profile_images/893910030231240705/tWTp9fCR_normal.jpg"
"49","RT @Rapscallion: @brianschatz America: we spend more on defense than the next six biggest countries COMBINED, but we can't treat cancer. Or‚Ä¶",FALSE,0,NA,2017-09-20 13:55:13,FALSE,NA,"910502610318192640",NA,"<a href=""http://twitter.com/download/android"" rel=""nofollow"">Twitter for Android</a>","deplorkibble",6,TRUE,FALSE,NA,NA,"#MURICA ","en","http://pbs.twimg.com/profile_images/906053473027874816/p9-rZcx__normal.jpg"
"50","RT @LucidWhim: Tweeting this because my young daughter is fighting breast cancer. If it gets 1 retweet it might save a life. https://t.co/t‚Ä¶",FALSE,0,NA,2017-09-20 13:55:13,FALSE,NA,"910502610091700225",NA,"<a href=""http://twitter.com/download/android"" rel=""nofollow"">Twitter for Android</a>","munirah08",242028,TRUE,FALSE,NA,NA,"MY","en","http://pbs.twimg.com/profile_images/859357555457269760/6o209jdI_normal.jpg"
"51","RT @brianschatz: Under this bill, pregnancy will cost you an extra 17K. Metastatic cancer 172K. Autism 5K. Asthma 4K. This isn't a healthca‚Ä¶",FALSE,0,NA,2017-09-20 13:55:13,FALSE,NA,"910502609374420995",NA,"<a href=""http://twitter.com/#!/download/ipad"" rel=""nofollow"">Twitter for iPad</a>","Cat_B2017",52247,TRUE,FALSE,NA,NA,"","en","http://pbs.twimg.com/profile_images/837722426477805569/uX296iYm_normal.jpg"
"52","You may reach your emotional limit today, especially if you ar... More for Cancer https://t.co/q8IBIScgGk",FALSE,0,NA,2017-09-20 13:55:12,FALSE,NA,"910502607646466048",NA,"<a href=""http://www.twittascope.com"" rel=""nofollow"">Twittascope</a>","ssuckmycockines",0,FALSE,FALSE,NA,NA,"LAS VEGAS","en","http://pbs.twimg.com/profile_images/378800000458901877/783690ed20928f024705ec443bba6fcd_normal.jpeg"
"53","You may reach your emotional limit today, especially if you ar... More for Cancer https://t.co/qDeVPDYGy4",FALSE,0,NA,2017-09-20 13:55:12,FALSE,NA,"910502605649874945",NA,"<a href=""http://www.twittascope.com"" rel=""nofollow"">Twittascope</a>","SASSIEKAE",0,FALSE,FALSE,NA,NA,"","en","http://pbs.twimg.com/profile_images/1917421914/SASSIEKAE_normal.jpg"
"54","You may reach your emotional limit today, especially if you ar... More for Cancer https://t.co/LD0YZe0iWr",FALSE,0,NA,2017-09-20 13:55:12,FALSE,NA,"910502605515657216",NA,"<a href=""http://www.twittascope.com"" rel=""nofollow"">Twittascope</a>","ambrairene",0,FALSE,FALSE,NA,NA,"","en","http://pbs.twimg.com/profile_images/909239173462315008/aATeTu3d_normal.jpg"
"55","RT @brianschatz: Under this bill, pregnancy will cost you an extra 17K. Metastatic cancer 172K. Autism 5K. Asthma 4K. This isn't a healthca‚Ä¶",FALSE,0,NA,2017-09-20 13:55:12,FALSE,NA,"910502605234765825",NA,"<a href=""http://twitter.com/download/iphone"" rel=""nofollow"">Twitter for iPhone</a>","mulls1986",52247,TRUE,FALSE,NA,NA,"St. Louis, MO","en","http://pbs.twimg.com/profile_images/422004497200586752/rpCeuE4L_normal.jpeg"
"56","RT @thefader: .@Migos's @OffsetYRN is raising $500k for cancer research. https://t.co/2g7ohTh4C3 https://t.co/EvHovVIDAt",FALSE,0,NA,2017-09-20 13:55:12,FALSE,NA,"910502605025050624",NA,"<a href=""http://twitter.com/download/iphone"" rel=""nofollow"">Twitter for iPhone</a>","secretplp",85,TRUE,FALSE,NA,NA,"Virginia, USA","en","http://pbs.twimg.com/profile_images/880612516753285121/jgyCMZEm_normal.jpg"
"57","You may reach your emotional limit today, especially if you ar... More for Cancer https://t.co/oZ4DZ2KG76",FALSE,0,NA,2017-09-20 13:55:11,FALSE,NA,"910502604676907009",NA,"<a href=""http://www.twittascope.com"" rel=""nofollow"">Twittascope</a>","Sydneysharayne",0,FALSE,FALSE,NA,NA,"","en","http://pbs.twimg.com/profile_images/657708470565797888/WqNEfv8b_normal.jpg"
"58","RT @brianschatz: Under this bill, pregnancy will cost you an extra 17K. Metastatic cancer 172K. Autism 5K. Asthma 4K. This isn't a healthca‚Ä¶",FALSE,0,NA,2017-09-20 13:55:11,FALSE,NA,"910502601208287232",NA,"<a href=""http://twitter.com/download/iphone"" rel=""nofollow"">Twitter for iPhone</a>","jk65nene",52247,TRUE,FALSE,NA,NA,"northeast new england","en","http://pbs.twimg.com/profile_images/822210139377856513/OiSwub47_normal.jpg"
"59","Life-extending lung cancer nivolumab drug approved https://t.co/I3QfHaxj8x",FALSE,0,NA,2017-09-20 13:55:10,FALSE,NA,"910502599820013569",NA,"<a href=""http://www.hootsuite.com"" rel=""nofollow"">Hootsuite</a>","medicalsalesjob",0,FALSE,FALSE,NA,NA,"South Manchester Ì†ΩÌ∞ù","en","http://pbs.twimg.com/profile_images/534303996647718914/3RfVrU6x_normal.jpeg"
"60","You may reach your emotional limit today, especially if you ar... More for Cancer https://t.co/YLw3f7cKFc",FALSE,0,NA,2017-09-20 13:55:10,FALSE,NA,"910502599714996224",NA,"<a href=""http://www.twittascope.com"" rel=""nofollow"">Twittascope</a>","britt_tokoya",0,FALSE,FALSE,NA,NA,"Daytona Beach Fl","en","http://pbs.twimg.com/profile_images/492122247255977985/89Sw4qbJ_normal.jpeg"
"61","UK firms link to develop ADCs for #cancer https://t.co/0yEocYnasi #pharma #healthcare",FALSE,0,NA,2017-09-20 13:55:10,FALSE,NA,"910502598960087041",NA,"<a href=""http://www.hootsuite.com"" rel=""nofollow"">Hootsuite</a>","ScientificPro",0,FALSE,FALSE,NA,NA,"City of London, London","en","http://pbs.twimg.com/profile_images/773813534341947392/FCGJGa2N_normal.jpg"
"62","You may reach your emotional limit today, especially if you ar... More for Cancer https://t.co/1aEgDLrLtt",FALSE,0,NA,2017-09-20 13:55:10,FALSE,NA,"910502597454217216",NA,"<a href=""http://www.twittascope.com"" rel=""nofollow"">Twittascope</a>","crayycay",0,FALSE,FALSE,NA,NA,"","en","http://pbs.twimg.com/profile_images/863879930182021121/Y2ht6VYg_normal.jpg"
"63","RT businessinsider ""A drug that‚Äôs part of a brand new class of medicines just got one step closer to approval ‚Ä¶ https://t.co/dK3AuITY8N""",FALSE,0,NA,2017-09-20 13:55:09,FALSE,NA,"910502596439367681",NA,"<a href=""https://ifttt.com"" rel=""nofollow"">IFTTT</a>","salqahtani1111",0,FALSE,FALSE,NA,NA,"Riyadh, Kingdom of Saudi Arabia","en","http://pbs.twimg.com/profile_images/862802411659952129/c6waLNgv_normal.jpg"
"64","You may reach your emotional limit today, especially if you ar... More for Cancer https://t.co/afTvd1pZ0O",FALSE,0,NA,2017-09-20 13:55:09,FALSE,NA,"910502596015558656",NA,"<a href=""http://www.twittascope.com"" rel=""nofollow"">Twittascope</a>","iCuM_yHUsLuRp",0,FALSE,FALSE,NA,NA," ‚ôÄ‚ôÄ Instagram: aquafina_fresh","en","http://pbs.twimg.com/profile_images/473613505187565568/d5Ktk0M8_normal.jpeg"
"65","You may reach your emotional limit today, especially if you ar... More for Cancer https://t.co/VzN6GDFVIN",FALSE,0,NA,2017-09-20 13:55:09,FALSE,NA,"910502595415773185",NA,"<a href=""http://www.twittascope.com"" rel=""nofollow"">Twittascope</a>","garyculp10",0,FALSE,FALSE,NA,NA,"","en","http://pbs.twimg.com/profile_images/602138511479681027/i2jjSYP6_normal.jpg"
"66","You may reach your emotional limit today, especially if you ar... More for Cancer https://t.co/EEla13o6it",FALSE,0,NA,2017-09-20 13:55:09,FALSE,NA,"910502594971238400",NA,"<a href=""http://www.twittascope.com"" rel=""nofollow"">Twittascope</a>","AQUEEN_REBORN",0,FALSE,FALSE,NA,NA,"","en","http://pbs.twimg.com/profile_images/579751468170874882/KFOdzulU_normal.jpg"
"67","You may reach your emotional limit today, especially if you ar... More for Cancer https://t.co/iaB6vIwHeZ",FALSE,0,NA,2017-09-20 13:55:09,FALSE,NA,"910502594342043648",NA,"<a href=""http://www.twittascope.com"" rel=""nofollow"">Twittascope</a>","LexiiJustice",0,FALSE,FALSE,NA,NA,"","en","http://pbs.twimg.com/profile_images/684273295584268288/wEtH6YhW_normal.jpg"
"68","You may reach your emotional limit today, especially if you ar... More for Cancer https://t.co/eIWrH7nivX",FALSE,0,NA,2017-09-20 13:55:09,FALSE,NA,"910502594128224261",NA,"<a href=""http://www.twittascope.com"" rel=""nofollow"">Twittascope</a>","RachelDntTrip",0,FALSE,FALSE,NA,NA,"N 42¬∞21' 0'' / W 83¬∞2' 0''","en","http://pbs.twimg.com/profile_images/758095775888871424/4K9qchcS_normal.jpg"
"69","RT @brianschatz: Under this bill, pregnancy will cost you an extra 17K. Metastatic cancer 172K. Autism 5K. Asthma 4K. This isn't a healthca‚Ä¶",FALSE,0,NA,2017-09-20 13:55:09,FALSE,NA,"910502593302016000",NA,"<a href=""http://twitter.com/download/iphone"" rel=""nofollow"">Twitter for iPhone</a>","jmLaGhost",52247,TRUE,FALSE,NA,NA,"","en","http://pbs.twimg.com/profile_images/691135582332784640/Y4telGxL_normal.jpg"
"70","It's high time to rejuvenate Ayurveda, mother of all Medicines.Appealing all the Ayurveda community to learn Ayurve‚Ä¶ https://t.co/zFnvhylf0z",FALSE,0,NA,2017-09-20 13:55:09,TRUE,NA,"910502592421052416",NA,"<a href=""http://twitter.com/download/iphone"" rel=""nofollow"">Twitter for iPhone</a>","laxmangwosy",0,FALSE,FALSE,NA,NA," Chennai ","en","http://abs.twimg.com/sticky/default_profile_images/default_profile_normal.png"
"71","RT @brianschatz: Under this bill, pregnancy will cost you an extra 17K. Metastatic cancer 172K. Autism 5K. Asthma 4K. This isn't a healthca‚Ä¶",FALSE,0,NA,2017-09-20 13:55:08,FALSE,NA,"910502592098140160",NA,"<a href=""http://twitter.com/download/android"" rel=""nofollow"">Twitter for Android</a>","2LaineyP",52247,TRUE,FALSE,NA,NA,"USA","en","http://pbs.twimg.com/profile_images/908941130867159040/8v5GPA_k_normal.jpg"
"72","You may reach your emotional limit today, especially if you ar... More for Cancer https://t.co/J1mAUHmw2A",FALSE,0,NA,2017-09-20 13:55:08,FALSE,NA,"910502591062188034",NA,"<a href=""http://www.twittascope.com"" rel=""nofollow"">Twittascope</a>","RTYOSHIT",0,FALSE,FALSE,NA,NA,"With my king","en","http://pbs.twimg.com/profile_images/2761270558/b07322afca634c77249a5acf7dd8d04e_normal.jpeg"
"73","You may reach your emotional limit today, especially if you ar... More for Cancer https://t.co/S1ASpnfYWa",FALSE,0,NA,2017-09-20 13:55:08,FALSE,NA,"910502590198071296",NA,"<a href=""http://www.twittascope.com"" rel=""nofollow"">Twittascope</a>","kaceyygibson",0,FALSE,FALSE,NA,NA,"","en","http://pbs.twimg.com/profile_images/456182354110058496/f-C5kD-B_normal.jpeg"
"74","A new life-extending lung cancer drug has been approved #Nivolumab #LungCancer
https://t.co/Yo8J3ZG9d3",FALSE,0,NA,2017-09-20 13:55:08,FALSE,NA,"910502589699063808",NA,"<a href=""http://twitter.com"" rel=""nofollow"">Twitter Web Client</a>","GAsolicitors",0,FALSE,FALSE,NA,NA,"Plymouth, UK","en","http://pbs.twimg.com/profile_images/511427939074727936/CBLYrpQm_normal.jpeg"
"75","RT @AltUSPressSec: I dream of a society where it as just as easy to get cancer treatment as it is to get an assault weapon.

#Resist",FALSE,0,NA,2017-09-20 13:55:08,FALSE,NA,"910502589531348992",NA,"<a href=""http://twitter.com/download/android"" rel=""nofollow"">Twitter for Android</a>","ArtemisAstarte",37,TRUE,FALSE,NA,NA,"","en","http://pbs.twimg.com/profile_images/641228029/Moon_normal.jpeg"
"76","RT @brianschatz: Under this bill, pregnancy will cost you an extra 17K. Metastatic cancer 172K. Autism 5K. Asthma 4K. This isn't a healthca‚Ä¶",FALSE,0,NA,2017-09-20 13:55:08,FALSE,NA,"910502589166370817",NA,"<a href=""http://twitter.com"" rel=""nofollow"">Twitter Web Client</a>","chiefanalyst49",52247,TRUE,FALSE,NA,NA,"California, USA","en","http://pbs.twimg.com/profile_images/860190606080880640/QLA345Y0_normal.jpg"
"77","#JITC: Durable response rate as an endpoint in cancer immunotherapy: insights from oncolytic virus clinical trials‚Ä¶ https://t.co/Wl5RbXVIvk",FALSE,0,NA,2017-09-20 13:55:07,TRUE,NA,"910502586947694593",NA,"<a href=""http://www.hootsuite.com"" rel=""nofollow"">Hootsuite</a>","sitcancer",0,FALSE,FALSE,NA,NA,"Milwaukee, WI","en","http://pbs.twimg.com/profile_images/798183696943771648/hV8wUbo5_normal.jpg"
"78","RT @eileenmdh: @SenCapito @WVHOSA People with metastatic cancer will pay $142,650 more a year to get coverage. That is a death sentence.  #‚Ä¶",FALSE,0,NA,2017-09-20 13:55:07,FALSE,NA,"910502586385522688",NA,"<a href=""http://twitter.com/download/android"" rel=""nofollow"">Twitter for Android</a>","Basterds_Fight",2,TRUE,FALSE,NA,NA,"Portland, OR","en","http://pbs.twimg.com/profile_images/906938579904950273/Kvt6-KaL_normal.jpg"
"79","RNA can be genetically engineered to allow scientists to program the actions of a cell https://t.co/ocfQm34qJO",FALSE,0,NA,2017-09-20 13:55:07,FALSE,NA,"910502586360455168",NA,"<a href=""http://www.hootsuite.com"" rel=""nofollow"">Hootsuite</a>","FLGenomics",0,FALSE,FALSE,NA,NA,"London","en","http://pbs.twimg.com/profile_images/746298599907135488/4BOmxVwr_normal.jpg"
"80","RT @brianschatz: Under this bill, pregnancy will cost you an extra 17K. Metastatic cancer 172K. Autism 5K. Asthma 4K. This isn't a healthca‚Ä¶",FALSE,0,NA,2017-09-20 13:55:07,FALSE,NA,"910502585802592257",NA,"<a href=""http://twitter.com/download/iphone"" rel=""nofollow"">Twitter for iPhone</a>","DRUMR48",52247,TRUE,FALSE,NA,NA,"","en","http://pbs.twimg.com/profile_images/661285023962787840/JrNX4PnA_normal.jpg"
"81","RT @aravosis: Have any pre-existing conditions ‚Äî asthma, high blood pressure or cholesterol, diabetes, cancer? Kiss your premiums &amp; coverag‚Ä¶",FALSE,0,NA,2017-09-20 13:55:07,FALSE,NA,"910502585051881472",NA,"<a href=""http://twitter.com/download/iphone"" rel=""nofollow"">Twitter for iPhone</a>","SColleen1",91,TRUE,FALSE,NA,NA,"","en","http://pbs.twimg.com/profile_images/758452985450131456/KvTcjVrU_normal.jpg"
"82","Coaches VS Cancer is next Thursday and benefits the American Cancer Society. Join us for a great cause! https://t.co/kIwfzkmC8a",FALSE,0,NA,2017-09-20 13:55:07,FALSE,NA,"910502584531783680",NA,"<a href=""http://www.socastsrm.com"" rel=""nofollow"">SoCast SRM</a>","1029thebuzz",0,FALSE,FALSE,NA,NA,"Nashville, TN","en","http://pbs.twimg.com/profile_images/875475165219614721/1rhPmeo2_normal.jpg"
"83","Register for Oct 3 Webinar: An Introduction to @NIEHS #Children'sHealth Exposure Analysis Resource‚Ä¶ https://t.co/Dar1IGE5Cp",FALSE,0,NA,2017-09-20 13:55:06,TRUE,NA,"910502582774312960",NA,"<a href=""http://www.tracx.com"" rel=""nofollow"">tracx platform</a>","NCIEpi",0,FALSE,FALSE,NA,NA,"","en","http://pbs.twimg.com/profile_images/896042663140524032/gf5u8aFg_normal.jpg"
"84","RT @brianschatz: Under this bill, pregnancy will cost you an extra 17K. Metastatic cancer 172K. Autism 5K. Asthma 4K. This isn't a healthca‚Ä¶",FALSE,0,NA,2017-09-20 13:55:06,FALSE,NA,"910502580769476608",NA,"<a href=""http://twitter.com/download/iphone"" rel=""nofollow"">Twitter for iPhone</a>","tmgsluv",52247,TRUE,FALSE,NA,NA,"","en","http://pbs.twimg.com/profile_images/878965769853431809/kxdRstzW_normal.jpg"
"85","RT @embeedub: I've had metastatic cancer. Last night I was sobbing just watching my kids do their homework, grateful to be here for it. Thi‚Ä¶",FALSE,0,NA,2017-09-20 13:55:06,FALSE,NA,"910502579876003840",NA,"<a href=""http://twitter.com"" rel=""nofollow"">Twitter Web Client</a>","mmmmbrains",20296,TRUE,FALSE,NA,NA,"","en","http://pbs.twimg.com/profile_images/896847036359868416/Nyu4_u4c_normal.jpg"
"86","@senrobportman Vote NO on #GrahamCassidy. Ends protection for people w/ pre-ex like cancer. Support bipartisan process #KeepUsCovered",FALSE,0,"senrobportman",2017-09-20 13:55:05,FALSE,NA,"910502579263672320","18915145","<a href=""http://twitter.com/download/iphone"" rel=""nofollow"">Twitter for iPhone</a>","gbdiverjr",0,FALSE,FALSE,NA,NA,"","en","http://pbs.twimg.com/profile_images/648563591097020416/eJCP5FgT_normal.jpg"
"87","'I am going to die' @vicderbyshire on her immediate assumption following her cancer diagnosis‚Ä¶ https://t.co/WqC9hGb9GT",FALSE,0,NA,2017-09-20 13:55:05,TRUE,NA,"910502577489420288",NA,"<a href=""http://snappytv.com"" rel=""nofollow"">SnappyTV.com</a>","bbc5live",0,FALSE,FALSE,NA,NA,"Salford, United Kingdom","en","http://pbs.twimg.com/profile_images/875390695724515329/TefvXUKC_normal.jpg"
"88","RT @brianschatz: Under this bill, pregnancy will cost you an extra 17K. Metastatic cancer 172K. Autism 5K. Asthma 4K. This isn't a healthca‚Ä¶",FALSE,0,NA,2017-09-20 13:55:05,FALSE,NA,"910502577258758144",NA,"<a href=""http://twitter.com"" rel=""nofollow"">Twitter Web Client</a>","BoatingNut14",52247,TRUE,FALSE,NA,NA,"Schaumburg","en","http://pbs.twimg.com/profile_images/903959072654938114/mDVAUL7N_normal.jpg"
"89","ACCC joins 35+ cancer groups in opposing #ACA repeal. Call 844-257-6227 and ask Senators to say no to this harmful‚Ä¶ https://t.co/g3RvzltPtK",FALSE,0,NA,2017-09-20 13:55:05,TRUE,NA,"910502576923250689",NA,"<a href=""http://meetedgar.com"" rel=""nofollow"">Meet Edgar</a>","ACCCBuzz",0,FALSE,FALSE,NA,NA,"Rockville, MD","en","http://pbs.twimg.com/profile_images/527125027473199104/8olQ0_tW_normal.jpeg"
"90","You may reach your emotional limit today, especially if you ar... More for Cancer https://t.co/OcBXWRFQQN",FALSE,0,NA,2017-09-20 13:55:05,FALSE,NA,"910502576566575106",NA,"<a href=""http://www.twittascope.com"" rel=""nofollow"">Twittascope</a>","ndividualycrftd",0,FALSE,FALSE,NA,NA,"Reaching for the stars ;)","en","http://pbs.twimg.com/profile_images/430512938781523968/dJgsY2Rk_normal.jpeg"
"91","Animal charities followed by cancer charities are biggest beneficiaries of legacy giving: https://t.co/G8TTsMqwKa #charity",FALSE,0,NA,2017-09-20 13:55:05,FALSE,NA,"910502576172527617",NA,"<a href=""http://www.hootsuite.com"" rel=""nofollow"">Hootsuite</a>","lovewakefieldmd",0,FALSE,FALSE,NA,NA,"Wakefield","en","http://pbs.twimg.com/profile_images/745270218268741636/NZiNtk0k_normal.jpg"
"92","You may reach your emotional limit today, especially if you ar... More for Cancer https://t.co/q1Ao0bQG2t",FALSE,0,NA,2017-09-20 13:55:05,FALSE,NA,"910502575669075969",NA,"<a href=""http://www.twittascope.com"" rel=""nofollow"">Twittascope</a>","bossflava7",0,FALSE,FALSE,NA,NA,"√úT: 9.0744848,7.407427","en","http://pbs.twimg.com/profile_images/878224359516643328/MHEP7yAO_normal.jpg"
"93","RT @brianschatz: Under this bill, pregnancy will cost you an extra 17K. Metastatic cancer 172K. Autism 5K. Asthma 4K. This isn't a healthca‚Ä¶",FALSE,0,NA,2017-09-20 13:55:04,FALSE,NA,"910502575572750336",NA,"<a href=""http://twitter.com/download/android"" rel=""nofollow"">Twitter for Android</a>","shessherrie",52247,TRUE,FALSE,NA,NA,"USA","en","http://pbs.twimg.com/profile_images/908387875540086784/SEKJY_Ab_normal.jpg"
"94","RT @AGSchneiderman: Under this bill, people with metastatic cancer will pay $142,650 more a year to get coverage.

That is not reform. That‚Ä¶",FALSE,0,NA,2017-09-20 13:55:04,FALSE,NA,"910502575509770241",NA,"<a href=""http://twitter.com/download/iphone"" rel=""nofollow"">Twitter for iPhone</a>","SeauxDmC",58365,TRUE,FALSE,NA,NA,"","en","http://pbs.twimg.com/profile_images/804525496885280769/uBDcq5ho_normal.jpg"
"95","You may reach your emotional limit today, especially if you ar... More for Cancer https://t.co/1eofuYM0DT",FALSE,0,NA,2017-09-20 13:55:04,FALSE,NA,"910502574595248128",NA,"<a href=""http://www.twittascope.com"" rel=""nofollow"">Twittascope</a>","MyBeaut1fulMind",0,FALSE,FALSE,NA,NA,"Germany","en","http://pbs.twimg.com/profile_images/581506800161280000/tRZKfqUk_normal.jpg"
"96","RT @chargrille: @yashar @kbhome KBHome, is verbally abusing a neighbor who just lost her sister to cancer less than 48 hr ago ""doing the ri‚Ä¶",FALSE,0,NA,2017-09-20 13:55:04,FALSE,NA,"910502574180245504",NA,"<a href=""http://www.twitter.com"" rel=""nofollow"">Twitter for Windows Phone</a>","Maryaclare",3,TRUE,FALSE,NA,NA,"","en","http://pbs.twimg.com/profile_images/899690890117214208/Kglc-bb2_normal.jpg"
"97","You may reach your emotional limit today, especially if you ar... More for Cancer https://t.co/O7BDWPyzxD",FALSE,0,NA,2017-09-20 13:55:04,FALSE,NA,"910502573282549766",NA,"<a href=""http://www.twittascope.com"" rel=""nofollow"">Twittascope</a>","LuvinMissjones",0,FALSE,FALSE,NA,NA,"B-More Baby!!!","en","http://pbs.twimg.com/profile_images/3168213739/600a6dd4bbd52920019876bf6ebaa6a0_normal.jpeg"
"98","On the campaign trail, then-candidate Donald Trump declared that drug companies ""are getting away with murder.""... https://t.co/4Bep5NAtVb",FALSE,0,NA,2017-09-20 13:55:04,FALSE,NA,"910502572850581505",NA,"<a href=""http://www.facebook.com/twitter"" rel=""nofollow"">Facebook</a>","RealProgressUS",0,FALSE,FALSE,NA,NA,"#DemExit #WeAreTheRevolution ","en","http://pbs.twimg.com/profile_images/845340745636745216/kzl3WcUo_normal.jpg"
"99","I told a kid in real life to get cancer one time",FALSE,0,NA,2017-09-20 13:55:04,FALSE,NA,"910502571722235904",NA,"<a href=""http://twittbot.net/"" rel=""nofollow"">twittbot.net</a>","mattysherebot",0,FALSE,FALSE,NA,NA,"","en","http://pbs.twimg.com/profile_images/586519684033331201/YCW6LCrM_normal.jpg"
"100","RT @johnpavlovitz: When Your President is a National Cancer https://t.co/bUd5MoQw8X",FALSE,0,NA,2017-09-20 13:55:03,FALSE,NA,"910502571143520256",NA,"<a href=""http://twitter.com/download/iphone"" rel=""nofollow"">Twitter for iPhone</a>","JulianWales1",75,TRUE,FALSE,NA,NA,"United Kingdom","en","http://pbs.twimg.com/profile_images/899557766808952832/aqEtdmWi_normal.jpg"
"101","You may reach your emotional limit today, especially if you ar... More for Cancer https://t.co/IpGtS9aVTf",FALSE,0,NA,2017-09-20 13:55:03,FALSE,NA,"910502568098283523",NA,"<a href=""http://www.twittascope.com"" rel=""nofollow"">Twittascope</a>","moniann0623",0,FALSE,FALSE,NA,NA," RVA¬Æ","en","http://pbs.twimg.com/profile_images/598572249344581633/dzmfowtH_normal.jpg"
"102","You may reach your emotional limit today, especially if you ar... More for Cancer https://t.co/78EbXTKPNA",FALSE,0,NA,2017-09-20 13:55:03,FALSE,NA,"910502567662174210",NA,"<a href=""http://www.twittascope.com"" rel=""nofollow"">Twittascope</a>","Stephanie9924",0,FALSE,FALSE,NA,NA,"","en","http://pbs.twimg.com/profile_images/2996725031/68908d8dda3a0fef78f5537bccfa2f8b_normal.jpeg"
"103","You may reach your emotional limit today, especially if you ar... More for Cancer https://t.co/QLMEnEkSwq",FALSE,0,NA,2017-09-20 13:55:02,FALSE,NA,"910502566802288640",NA,"<a href=""http://www.twittascope.com"" rel=""nofollow"">Twittascope</a>","sugggarcain",0,FALSE,FALSE,NA,NA,"San Marcos, TX","en","http://pbs.twimg.com/profile_images/910234085754368000/w0yqZdfE_normal.jpg"
"104","RT @brianschatz: Under this bill, pregnancy will cost you an extra 17K. Metastatic cancer 172K. Autism 5K. Asthma 4K. This isn't a healthca‚Ä¶",FALSE,0,NA,2017-09-20 13:55:02,FALSE,NA,"910502566630449153",NA,"<a href=""http://twitter.com"" rel=""nofollow"">Twitter Web Client</a>","ellenmoriah",52248,TRUE,FALSE,NA,NA,"New Hampshire","en","http://pbs.twimg.com/profile_images/908695272116678656/onqz7YfO_normal.jpg"
"105","#Cancer will feel guilty having sex without love.",FALSE,1,NA,2017-09-20 13:55:02,FALSE,NA,"910502566466920448",NA,"<a href=""http://kucukbeyin.com/"" rel=""nofollow"">mytwitterapppppp</a>","CancerTweetss",1,FALSE,FALSE,NA,NA,"","en","http://pbs.twimg.com/profile_images/575036619008278528/Wzxowmmi_normal.png"
"106","You may reach your emotional limit today, especially if you ar... More for Cancer https://t.co/XrgZffCImY",FALSE,0,NA,2017-09-20 13:55:02,FALSE,NA,"910502565497913344",NA,"<a href=""http://www.twittascope.com"" rel=""nofollow"">Twittascope</a>","sesyred1",0,FALSE,FALSE,NA,NA,"georgia","en","http://pbs.twimg.com/profile_images/2992080825/b6ee6510b0327f2e4f5a214d439de74d_normal.jpeg"
"107","You may reach your emotional limit today, especially if you ar... More for Cancer https://t.co/t8VmDhLIGr",FALSE,0,NA,2017-09-20 13:55:02,FALSE,NA,"910502565481144320",NA,"<a href=""http://www.twittascope.com"" rel=""nofollow"">Twittascope</a>","lunascrazy",0,FALSE,FALSE,NA,NA,"Lake George, NY//518","en","http://pbs.twimg.com/profile_images/907992913476497413/42ezjLn6_normal.jpg"
"108","Understanding #Cancer with all its vexing diversity would help understand when you have #Cancer &amp;when cancer has you https://t.co/EoEov10lQo",FALSE,0,NA,2017-09-20 13:55:02,FALSE,NA,"910502564654833664",NA,"<a href=""http://twitter.com"" rel=""nofollow"">Twitter Web Client</a>","elucidatacorp",0,FALSE,FALSE,NA,NA,"Cambridge, MA","en","http://pbs.twimg.com/profile_images/903885866744954880/6IY5n45-_normal.jpg"
"109","RT @haniaMohamed194: MY MOM IS CANCER FREEÌ†ΩÌ∏≠Ì†ΩÌ∏≠‚ù§Ô∏è‚ù§Ô∏èÌ†ΩÌ≤•Ì†ΩÌ≤•Ì†ΩÌ≤•",FALSE,0,NA,2017-09-20 13:55:02,FALSE,NA,"910502564193558529",NA,"<a href=""http://twitter.com/download/iphone"" rel=""nofollow"">Twitter for iPhone</a>","JayCelandine",1600,TRUE,FALSE,NA,NA,"where the sphinx is","en","http://pbs.twimg.com/profile_images/905963093498396673/cFwudvCK_normal.jpg"
"110","You may reach your emotional limit today, especially if you ar... More for Cancer https://t.co/wxm9Ru9Pdt",FALSE,0,NA,2017-09-20 13:55:02,FALSE,NA,"910502564159877121",NA,"<a href=""http://www.twittascope.com"" rel=""nofollow"">Twittascope</a>","Smokn_Solo",0,FALSE,FALSE,NA,NA,"Chicago","en","http://pbs.twimg.com/profile_images/707983238720053248/EFJ723-4_normal.jpg"
"111","You may reach your emotional limit today, especially if you ar... More for Cancer https://t.co/0PccCbQEfO",FALSE,0,NA,2017-09-20 13:55:01,FALSE,NA,"910502562901585921",NA,"<a href=""http://www.twittascope.com"" rel=""nofollow"">Twittascope</a>","__Stashaaaa",0,FALSE,FALSE,NA,NA,"Belize","en","http://pbs.twimg.com/profile_images/846366423957983232/Kb-HqIol_normal.jpg"
"112","Thank you Wayne Memorial Hospital for your sponsorship for Cancer Survivors Day. https://t.co/oLFAJwbQWe",FALSE,0,NA,2017-09-20 13:55:01,FALSE,NA,"910502559462420484",NA,"<a href=""http://twitter.com"" rel=""nofollow"">Twitter Web Client</a>","cancer_nepa",0,FALSE,FALSE,NA,NA,"Pennsylvania, USA","en","http://pbs.twimg.com/profile_images/829809775961600001/ONpB7Nqj_normal.jpg"
"113","@chadfelixg I want to live in a world where there's painful cancer, but everyone can affors chemo",FALSE,0,"EamusCatuli0000",2017-09-20 13:55:01,FALSE,"910501552057606144","910502558854127616","991467192","<a href=""http://twitter.com/download/android"" rel=""nofollow"">Twitter for Android</a>","EamusCatuli0000",0,FALSE,FALSE,NA,NA,"","en","http://pbs.twimg.com/profile_images/814948041664892929/zWGTNjcB_normal.jpg"
"114","You may reach your emotional limit today, especially if you ar... More for Cancer https://t.co/1y9V0GkQpQ",FALSE,0,NA,2017-09-20 13:55:00,FALSE,NA,"910502558099161089",NA,"<a href=""http://www.twittascope.com"" rel=""nofollow"">Twittascope</a>","GiftedBEAUTY16",0,FALSE,FALSE,NA,NA,"Glockchester,Ny","en","http://pbs.twimg.com/profile_images/624065624000593920/sFRxr1lP_normal.jpg"
"115","You may reach your emotional limit today, especially if you ar... More for Cancer https://t.co/qZCb02sRNo",FALSE,0,NA,2017-09-20 13:54:59,FALSE,NA,"910502553984495617",NA,"<a href=""http://www.twittascope.com"" rel=""nofollow"">Twittascope</a>","Un33dyoAssBeat",0,FALSE,FALSE,NA,NA,"baldwin","en","http://pbs.twimg.com/profile_images/2262565627/Un33dyoAssBeat_normal.jpg"
"116","RT @embeedub: I've had metastatic cancer. Last night I was sobbing just watching my kids do their homework, grateful to be here for it. Thi‚Ä¶",FALSE,0,NA,2017-09-20 13:54:58,FALSE,NA,"910502550394359808",NA,"<a href=""http://twitter.com/download/android"" rel=""nofollow"">Twitter for Android</a>","thetruthbetold7",20296,TRUE,FALSE,NA,NA,"","en","http://pbs.twimg.com/profile_images/2404049151/oax9t6xcj8qgurnml9x8_normal.jpeg"
"117","You may reach your emotional limit today, especially if you ar... More for Cancer https://t.co/DLqOX9MAK5",FALSE,0,NA,2017-09-20 13:54:58,FALSE,NA,"910502548242546689",NA,"<a href=""http://www.twittascope.com"" rel=""nofollow"">Twittascope</a>","04Jjay",0,FALSE,FALSE,NA,NA,"Davao Region, Republic of the ","en","http://pbs.twimg.com/profile_images/900210795098910721/W6wX4SBZ_normal.jpg"
"118","You may reach your emotional limit today, especially if you ar... More for Cancer https://t.co/DDaSTYSz51",FALSE,0,NA,2017-09-20 13:54:58,FALSE,NA,"910502547030384640",NA,"<a href=""http://www.twittascope.com"" rel=""nofollow"">Twittascope</a>","SuzanaMario",0,FALSE,FALSE,NA,NA,"Portland OR","en","http://pbs.twimg.com/profile_images/378800000273365220/4c1811a4673cde96c8cecf85cf9df9ec_normal.jpeg"
"119","You may reach your emotional limit today, especially if you ar... More for Cancer https://t.co/xU3Nk8PzUE",FALSE,0,NA,2017-09-20 13:54:58,FALSE,NA,"910502546321506306",NA,"<a href=""http://www.twittascope.com"" rel=""nofollow"">Twittascope</a>","SexMoneyFlee",0,FALSE,FALSE,NA,NA,"Jersey'...","en","http://pbs.twimg.com/profile_images/641346342753714176/iTcFTXKp_normal.jpg"
"120","RT @GovJVentura: Rest in peace Bobby Heenan. One of the greatest talkers in wrestling history.Took a long battle with cancer to stop him.He‚Ä¶",FALSE,0,NA,2017-09-20 13:54:57,FALSE,NA,"910502544459337728",NA,"<a href=""http://twitter.com/download/iphone"" rel=""nofollow"">Twitter for iPhone</a>","DizzyMcDavidson",590,TRUE,FALSE,NA,NA,"Wisconsin, USA","en","http://pbs.twimg.com/profile_images/909986410408611840/ZZcpdCa7_normal.jpg"
"121","You may reach your emotional limit today, especially if you ar... More for Cancer https://t.co/DaQOP2BeSk",FALSE,0,NA,2017-09-20 13:54:56,FALSE,NA,"910502538918506496",NA,"<a href=""http://www.twittascope.com"" rel=""nofollow"">Twittascope</a>","Luciouss_Kush",0,FALSE,FALSE,NA,NA,"","en","http://pbs.twimg.com/profile_images/378800000847634212/dfca1f0e79462101bd75a65c6e839eaa_normal.jpeg"
"122","You may reach your emotional limit today, especially if you ar... More for Cancer https://t.co/qhKAK5sVfG",FALSE,0,NA,2017-09-20 13:54:56,FALSE,NA,"910502538914406400",NA,"<a href=""http://www.twittascope.com"" rel=""nofollow"">Twittascope</a>","CherrieChels",0,FALSE,FALSE,NA,NA,"","en","http://pbs.twimg.com/profile_images/1851683546/FAsfW3vC_normal"
"123","RT @angolavball: 1st Annual SPIKE OUT CANCER match. Oct. 5 at AHS. Angola v. Carroll, 7pm.  T-shirts $10. Sold at school week of game and a‚Ä¶",FALSE,0,NA,2017-09-20 13:54:55,FALSE,NA,"910502536968359936",NA,"<a href=""http://twitter.com/download/iphone"" rel=""nofollow"">Twitter for iPhone</a>","AliCranstonn",24,TRUE,FALSE,NA,NA,"Angola, IN","en","http://pbs.twimg.com/profile_images/908523063330951168/nGnc6c7W_normal.jpg"
"124","You may reach your emotional limit today, especially if you ar... More for Cancer https://t.co/EPmg9B2ur7",FALSE,0,NA,2017-09-20 13:54:55,FALSE,NA,"910502534640365568",NA,"<a href=""http://www.twittascope.com"" rel=""nofollow"">Twittascope</a>","Nayiraax3",0,FALSE,FALSE,NA,NA,"","en","http://pbs.twimg.com/profile_images/627979787798228992/LAfK-Yn3_normal.jpg"
"125","You may reach your emotional limit today, especially if you ar... More for Cancer https://t.co/jlmXnm2bOu",FALSE,0,NA,2017-09-20 13:54:54,FALSE,NA,"910502532828602368",NA,"<a href=""http://www.twittascope.com"" rel=""nofollow"">Twittascope</a>","Keescato",0,FALSE,FALSE,NA,NA,"SC","en","http://pbs.twimg.com/profile_images/485244450512584704/m65rh84P_normal.jpeg"
"126","RT @StepzApp: Physical activity can reduce your risk of heart attack, diabetes, depression, colon and breast cancer and falls. #Sitless via‚Ä¶",FALSE,0,NA,2017-09-20 13:54:54,FALSE,NA,"910502532211933184",NA,"<a href=""http://twitter.com/download/iphone"" rel=""nofollow"">Twitter for iPhone</a>","kiaquake",4,TRUE,FALSE,NA,NA,"","it","http://pbs.twimg.com/profile_images/482954499724943361/XHNw8CT__normal.jpeg"
"127","Sinong Prak fighting cancer https://t.co/uhHDslRw8t",FALSE,0,NA,2017-09-20 13:54:54,FALSE,NA,"910502531683508224",NA,"<a href=""http://twitter.com"" rel=""nofollow"">Twitter Web Client</a>","ChampPrak_MD",0,FALSE,FALSE,NA,NA,"","en","http://pbs.twimg.com/profile_images/880242386693181440/XHfgt6IG_normal.jpg"
"128","You may reach your emotional limit today, especially if you ar... More for Cancer https://t.co/eClWujIbX9",FALSE,0,NA,2017-09-20 13:54:54,FALSE,NA,"910502531129778183",NA,"<a href=""http://www.twittascope.com"" rel=""nofollow"">Twittascope</a>","CarlySatkowiak",0,FALSE,FALSE,NA,NA,"Grand Blanc/Midland","en","http://pbs.twimg.com/profile_images/750437041851158528/4YI5ZF7L_normal.jpg"
"129","Check out this presentation on best shared care for #prostatecancer patients from the 27th IPCU by Dr. Crawford! https://t.co/iKiIMqhNhA",FALSE,0,NA,2017-09-20 13:54:54,FALSE,NA,"910502531008167936",NA,"<a href=""http://www.hubspot.com/"" rel=""nofollow"">HubSpot</a>","GRUrology",0,FALSE,FALSE,NA,NA,"Charlottesville, VA","en","http://pbs.twimg.com/profile_images/689185991282810882/5_9okXfs_normal.jpg"
"130","You may reach your emotional limit today, especially if you ar... More for Cancer https://t.co/4O7eOA3ZYt",FALSE,0,NA,2017-09-20 13:54:54,FALSE,NA,"910502530500530176",NA,"<a href=""http://www.twittascope.com"" rel=""nofollow"">Twittascope</a>","imIKE_ho",0,FALSE,FALSE,NA,NA,"7Ô∏è‚É£Ì†ΩÌ∂êÌ†ºÌøΩ7Ô∏è‚É£","en","http://pbs.twimg.com/profile_images/864928806032875521/8kR1gjMb_normal.jpg"
"131","RT @brianschatz: Under this bill, pregnancy will cost you an extra 17K. Metastatic cancer 172K. Autism 5K. Asthma 4K. This isn't a healthca‚Ä¶",FALSE,0,NA,2017-09-20 13:54:53,FALSE,NA,"910502528978178049",NA,"<a href=""http://twitter.com"" rel=""nofollow"">Twitter Web Client</a>","yukongeez",52248,TRUE,FALSE,NA,NA,"","en","http://pbs.twimg.com/profile_images/831497327693144064/Gxn0i89d_normal.jpg"
"132","You may reach your emotional limit today, especially if you ar... More for Cancer https://t.co/gtj36dIrU1",FALSE,0,NA,2017-09-20 13:54:53,FALSE,NA,"910502525748486144",NA,"<a href=""http://www.twittascope.com"" rel=""nofollow"">Twittascope</a>","AdamNurGhazali",0,FALSE,FALSE,NA,NA,"Makassar, Indonesia","id","http://pbs.twimg.com/profile_images/685352528221868032/t8JCBjfo_normal.jpg"
"133","RT @brianschatz: Under this bill, pregnancy will cost you an extra 17K. Metastatic cancer 172K. Autism 5K. Asthma 4K. This isn't a healthca‚Ä¶",FALSE,0,NA,2017-09-20 13:54:53,FALSE,NA,"910502525534638080",NA,"<a href=""http://twitter.com/download/iphone"" rel=""nofollow"">Twitter for iPhone</a>","jmedriver",52248,TRUE,FALSE,NA,NA,"Louisville Ky","en","http://pbs.twimg.com/profile_images/906652572869468160/y4liO9P3_normal.jpg"
"134","You may reach your emotional limit today, especially if you ar... More for Cancer https://t.co/I4GDLuqKxs",FALSE,0,NA,2017-09-20 13:54:52,FALSE,NA,"910502524922167298",NA,"<a href=""http://www.twittascope.com"" rel=""nofollow"">Twittascope</a>","alexandreeuhx0",0,FALSE,FALSE,NA,NA,"Staten Island, NY","en","http://pbs.twimg.com/profile_images/776097394886934528/n8_QZO39_normal.jpg"
"135","RT @ParkerMolloy: Something about POTUS blocking someone w/ stage 4 cancer ahead of the push to strip health care from millions seems a bit‚Ä¶",FALSE,0,NA,2017-09-20 13:54:52,FALSE,NA,"910502524414840835",NA,"<a href=""http://twitter.com"" rel=""nofollow"">Twitter Web Client</a>","mode23",6,TRUE,FALSE,NA,NA,"Guelph,  The Milky Way","en","http://pbs.twimg.com/profile_images/666984687135563777/SZdvpjpB_normal.jpg"
"136","RT @scienmag: This Is What Bone Cancer Looks Like https://t.co/jKNSWf5uqc",FALSE,0,NA,2017-09-20 13:54:52,FALSE,NA,"910502523164872705",NA,"<a href=""http://twitter.com/download/iphone"" rel=""nofollow"">Twitter for iPhone</a>","yariroguezz",136,TRUE,FALSE,NA,NA,"Santa Luc√≠a de Tirajana, Islas Canarias","es","http://pbs.twimg.com/profile_images/906941305779048449/0SiJrmpb_normal.jpg"
"137","RT @INDIEWASHERE: me: *clears my throat*
webMD: cancer.",FALSE,0,NA,2017-09-20 13:54:52,FALSE,NA,"910502523089207297",NA,"<a href=""https://mobile.twitter.com"" rel=""nofollow"">Twitter Lite</a>","bling2xtomato",181,TRUE,FALSE,NA,NA,"","en","http://pbs.twimg.com/profile_images/910126670044028929/h1bcdQO5_normal.jpg"
"138","RT @brianschatz: Under this bill, pregnancy will cost you an extra 17K. Metastatic cancer 172K. Autism 5K. Asthma 4K. This isn't a healthca‚Ä¶",FALSE,0,NA,2017-09-20 13:54:52,FALSE,NA,"910502523072528384",NA,"<a href=""http://twitter.com/download/iphone"" rel=""nofollow"">Twitter for iPhone</a>","AlexNoisy",52248,TRUE,FALSE,NA,NA,"California","en","http://pbs.twimg.com/profile_images/842153744267534337/3XrhY7d7_normal.jpg"
"139","RT @brianschatz: Under this bill, pregnancy will cost you an extra 17K. Metastatic cancer 172K. Autism 5K. Asthma 4K. This isn't a healthca‚Ä¶",FALSE,0,NA,2017-09-20 13:54:52,FALSE,NA,"910502521612972033",NA,"<a href=""http://twitter.com/download/iphone"" rel=""nofollow"">Twitter for iPhone</a>","Sammy_trammel",52248,TRUE,FALSE,NA,NA,"","en","http://pbs.twimg.com/profile_images/909790159939543040/YKYurUzw_normal.jpg"
"140","RT @AGSchneiderman: Under this bill, people with metastatic cancer will pay $142,650 more a year to get coverage.

That is not reform. That‚Ä¶",FALSE,0,NA,2017-09-20 13:54:52,FALSE,NA,"910502521096962048",NA,"<a href=""http://twitter.com/download/android"" rel=""nofollow"">Twitter for Android</a>","nanakim07",58365,TRUE,FALSE,NA,NA," planet earth","en","http://pbs.twimg.com/profile_images/883038687784837120/qUP18oOZ_normal.jpg"
"141","RT @brianschatz: Under this bill, pregnancy will cost you an extra 17K. Metastatic cancer 172K. Autism 5K. Asthma 4K. This isn't a healthca‚Ä¶",FALSE,0,NA,2017-09-20 13:54:51,FALSE,NA,"910502520442753024",NA,"<a href=""http://twitter.com/download/android"" rel=""nofollow"">Twitter for Android</a>","myantebellum",52248,TRUE,FALSE,NA,NA,"Boston, MA","en","http://pbs.twimg.com/profile_images/904510482891108353/Ubdh1em8_normal.jpg"
"142","RT @haniaMohamed194: MY MOM IS CANCER FREEÌ†ΩÌ∏≠Ì†ΩÌ∏≠‚ù§Ô∏è‚ù§Ô∏èÌ†ΩÌ≤•Ì†ΩÌ≤•Ì†ΩÌ≤•",FALSE,0,NA,2017-09-20 13:54:51,FALSE,NA,"910502520149159942",NA,"<a href=""http://twitter.com/download/iphone"" rel=""nofollow"">Twitter for iPhone</a>","returnoflovejoy",1600,TRUE,FALSE,NA,NA,"","en","http://pbs.twimg.com/profile_images/893994352049049602/kCz2Eisj_normal.jpg"
"143","RT @Cancer_Quotess: #Cancer are headstrong and stubborn. They want success not failure.",FALSE,0,NA,2017-09-20 13:54:51,FALSE,NA,"910502519977148416",NA,"<a href=""http://www.echofon.com/"" rel=""nofollow"">Echofon</a>","_kneesha",4,TRUE,FALSE,NA,NA,"","en","http://pbs.twimg.com/profile_images/900373669821767680/gRr-C1Z2_normal.jpg"
"144","RT @brianschatz: Under this bill, pregnancy will cost you an extra 17K. Metastatic cancer 172K. Autism 5K. Asthma 4K. This isn't a healthca‚Ä¶",FALSE,0,NA,2017-09-20 13:54:51,FALSE,NA,"910502519004045314",NA,"<a href=""http://twitter.com/download/iphone"" rel=""nofollow"">Twitter for iPhone</a>","iwillwreckyou",52248,TRUE,FALSE,NA,NA,"Portland, OR","en","http://pbs.twimg.com/profile_images/744332040791678976/Qmp7rUYW_normal.jpg"
"145","RT @AltUSPressSec: I dream of a society where it as just as easy to get cancer treatment as it is to get an assault weapon.

#Resist",FALSE,0,NA,2017-09-20 13:54:51,FALSE,NA,"910502518781771776",NA,"<a href=""http://twitter.com/download/iphone"" rel=""nofollow"">Twitter for iPhone</a>","imabobima",37,TRUE,FALSE,NA,NA,"","en","http://abs.twimg.com/sticky/default_profile_images/default_profile_normal.png"
"146","You may reach your emotional limit today, especially if you ar... More for Cancer https://t.co/CwXambpaiX",FALSE,0,NA,2017-09-20 13:54:51,FALSE,NA,"910502518559457280",NA,"<a href=""http://www.twittascope.com"" rel=""nofollow"">Twittascope</a>","xjjjxjjjxjjj",0,FALSE,FALSE,NA,NA,"Proud of #KimJaeJoong ","en","http://pbs.twimg.com/profile_images/898179878146646017/fEQg7eGn_normal.jpg"
"147","RT @AGSchneiderman: Under this bill, people with metastatic cancer will pay $142,650 more a year to get coverage.

That is not reform. That‚Ä¶",FALSE,0,NA,2017-09-20 13:54:51,FALSE,NA,"910502517523599360",NA,"<a href=""http://twitter.com/download/android"" rel=""nofollow"">Twitter for Android</a>","beatleloveralex",58365,TRUE,FALSE,NA,NA,"Shit. Where am I?!","en","http://pbs.twimg.com/profile_images/909732085564301312/YXCPNOUd_normal.jpg"
"148","RT @ParkerMolloy: Something about POTUS blocking someone w/ stage 4 cancer ahead of the push to strip health care from millions seems a bit‚Ä¶",FALSE,0,NA,2017-09-20 13:54:51,FALSE,NA,"910502517070614528",NA,"<a href=""https://about.twitter.com/products/tweetdeck"" rel=""nofollow"">TweetDeck</a>","mattgriffin",6,TRUE,FALSE,NA,NA,"Right behind you","en","http://pbs.twimg.com/profile_images/570947796033019905/42oBIOjG_normal.jpeg"
"149","RT @brianschatz: Under this bill, pregnancy will cost you an extra 17K. Metastatic cancer 172K. Autism 5K. Asthma 4K. This isn't a healthca‚Ä¶",FALSE,0,NA,2017-09-20 13:54:50,FALSE,NA,"910502514038120448",NA,"<a href=""http://twitter.com/download/android"" rel=""nofollow"">Twitter for Android</a>","TRUMP_IS_VILE",52248,TRUE,FALSE,NA,NA,"United States","en","http://pbs.twimg.com/profile_images/832539905637113856/cooL6VkB_normal.jpg"
"150","Want to live 2 more years? https://t.co/fYhdNRvOjR",FALSE,0,NA,2017-09-20 13:54:50,FALSE,NA,"910502512746127361",NA,"<a href=""http://www.linkedin.com/"" rel=""nofollow"">LinkedIn</a>","TyreeByndom",0,FALSE,FALSE,NA,NA,"Dallas, TX","en","http://pbs.twimg.com/profile_images/863138217943498752/3gZQBzAu_normal.jpg"
"151","Cervical cancer: https://t.co/u69EVZoeAs    

Approved for Cervical Cancer https://t.co/olf8KXfoFi   

CancerCureNow https://t.co/1kv8RaZ3jE",FALSE,0,NA,2017-09-20 13:54:49,FALSE,NA,"910502511643041793",NA,"<a href=""http://twitter.com"" rel=""nofollow"">Twitter Web Client</a>","CancerCureNow",0,FALSE,FALSE,NA,NA,"Microtitre Plates","en","http://pbs.twimg.com/profile_images/1128872809/Hep_G2_Lab_test_normal.jpg"
"152","@EdB_Ohio @KevinNR Do you support cancer or diabetes research?",FALSE,0,"EdB_Ohio",2017-09-20 13:54:49,FALSE,"910502182293839873","910502511508905984","907929618","<a href=""http://twitter.com/download/android"" rel=""nofollow"">Twitter for Android</a>","bandmanakers",0,FALSE,FALSE,NA,NA,"Indiana, USA","en","http://pbs.twimg.com/profile_images/888827594782724097/AuIluNLs_normal.jpg"
"153","You may reach your emotional limit today, especially if you ar... More for Cancer https://t.co/AOgRxCiBCg",FALSE,0,NA,2017-09-20 13:54:49,FALSE,NA,"910502510883782656",NA,"<a href=""http://www.twittascope.com"" rel=""nofollow"">Twittascope</a>","mariee_laura",0,FALSE,FALSE,NA,NA,"","en","http://pbs.twimg.com/profile_images/866857247292485632/MCwsgzmF_normal.jpg"
"154","You may reach your emotional limit today, especially if you ar... More for Cancer https://t.co/lq9PMI3EHI",FALSE,0,NA,2017-09-20 13:54:49,FALSE,NA,"910502510569283584",NA,"<a href=""http://www.twittascope.com"" rel=""nofollow"">Twittascope</a>","irelandx_",0,FALSE,FALSE,NA,NA,"d[M]v ","en","http://pbs.twimg.com/profile_images/524681534654414848/8YKsr8H0_normal.jpeg"
"155","Should we be doing ""Immunograms""? https://t.co/NeULACywpc via @metroedmonton",FALSE,0,NA,2017-09-20 13:54:49,FALSE,NA,"910502508702912513",NA,"<a href=""http://www.hootsuite.com"" rel=""nofollow"">Hootsuite</a>","mikesgene",0,FALSE,FALSE,NA,NA,"Calgary","en","http://pbs.twimg.com/profile_images/543069730249011200/xHhZnJGZ_normal.jpeg"
"156","Should we be doing ""Immunograms""? https://t.co/hqzCSVxtbE via @metroedmonton",FALSE,0,NA,2017-09-20 13:54:49,FALSE,NA,"910502508690276352",NA,"<a href=""http://www.hootsuite.com"" rel=""nofollow"">Hootsuite</a>","GenomeAlberta",0,FALSE,FALSE,NA,NA,"Canada","en","http://pbs.twimg.com/profile_images/540586060632162304/5LdApbFa_normal.jpeg"
"157","You may reach your emotional limit today, especially if you ar... More for Cancer https://t.co/Q9aEwsfnD9",FALSE,0,NA,2017-09-20 13:54:49,FALSE,NA,"910502508665044992",NA,"<a href=""http://www.twittascope.com"" rel=""nofollow"">Twittascope</a>","haley_stevenss",0,FALSE,FALSE,NA,NA,"","en","http://pbs.twimg.com/profile_images/899428985368715265/Stx6BCm8_normal.jpg"
"158","RT @brianschatz: Under this bill, pregnancy will cost you an extra 17K. Metastatic cancer 172K. Autism 5K. Asthma 4K. This isn't a healthca‚Ä¶",FALSE,0,NA,2017-09-20 13:54:48,FALSE,NA,"910502505217429504",NA,"<a href=""http://twitter.com/download/iphone"" rel=""nofollow"">Twitter for iPhone</a>","hhudsonsoprano",52248,TRUE,FALSE,NA,NA,"Manhattan, NY","en","http://pbs.twimg.com/profile_images/595663081851756546/R3JGM-sE_normal.jpg"
"159","You may reach your emotional limit today, especially if you ar... More for Cancer https://t.co/HCqGI2OcxW",FALSE,0,NA,2017-09-20 13:54:48,FALSE,NA,"910502504978309126",NA,"<a href=""http://www.twittascope.com"" rel=""nofollow"">Twittascope</a>","Taly_baby",0,FALSE,FALSE,NA,NA,"On a clouud...***","en","http://pbs.twimg.com/profile_images/2622699990/fY7aCXUS_normal"
"160","RT @brianschatz: Under this bill, pregnancy will cost you an extra 17K. Metastatic cancer 172K. Autism 5K. Asthma 4K. This isn't a healthca‚Ä¶",FALSE,0,NA,2017-09-20 13:54:47,FALSE,NA,"910502503988461571",NA,"<a href=""http://twitter.com/download/iphone"" rel=""nofollow"">Twitter for iPhone</a>","kyra_alyse",52248,TRUE,FALSE,NA,NA,"","en","http://pbs.twimg.com/profile_images/894367652700983296/zzK1cZH2_normal.jpg"
"161","RT @AGSchneiderman: Under this bill, people with metastatic cancer will pay $142,650 more a year to get coverage.

That is not reform. That‚Ä¶",FALSE,0,NA,2017-09-20 13:54:46,FALSE,NA,"910502500058517505",NA,"<a href=""http://twitter.com/download/iphone"" rel=""nofollow"">Twitter for iPhone</a>","iMxcah",58365,TRUE,FALSE,NA,NA,"Detroit, MI","en","http://pbs.twimg.com/profile_images/895631581502730241/yENSwVsy_normal.jpg"
"162","You may reach your emotional limit today, especially if you ar... More for Cancer https://t.co/iQoNDt0nt2",FALSE,0,NA,2017-09-20 13:54:46,FALSE,NA,"910502499932504066",NA,"<a href=""http://www.twittascope.com"" rel=""nofollow"">Twittascope</a>","lovebatrice",0,FALSE,FALSE,NA,NA,"NOLAlife.","en","http://pbs.twimg.com/profile_images/874819783715422208/fxiMKgd0_normal.jpg"
"163","You may reach your emotional limit today, especially if you ar... More for Cancer https://t.co/DePqV5mN0g",FALSE,0,NA,2017-09-20 13:54:46,FALSE,NA,"910502499638902784",NA,"<a href=""http://www.twittascope.com"" rel=""nofollow"">Twittascope</a>","Softball_DDDiva",0,FALSE,FALSE,NA,NA,"","en","http://pbs.twimg.com/profile_images/2177090069/Eh8Or1u5_normal"
"164","7777+ Days: #535 Across the Pond--The Ireland Swim https://t.co/A3AXyo5RrC breast cancer",FALSE,0,NA,2017-09-20 13:54:46,FALSE,NA,"910502499332878336",NA,"<a href=""http://twitter.com"" rel=""nofollow"">Twitter Web Client</a>","1womanmanylakes",0,FALSE,FALSE,NA,NA,"","en","http://pbs.twimg.com/profile_images/725020850198470656/m7FAZtqx_normal.jpg"
"165","RT @AmericanCancer: .@OffsetYRN launches $500K fundraising campaign for @AmericanCancer to honor his grandma. #ACSxOffset. Learn More: http‚Ä¶",FALSE,0,NA,2017-09-20 13:54:46,FALSE,NA,"910502499097903104",NA,"<a href=""http://twitter.com"" rel=""nofollow"">Twitter Web Client</a>","omfgtots",208,TRUE,FALSE,NA,NA,"New York","en","http://pbs.twimg.com/profile_images/713820270335799296/pu07p6h8_normal.jpg"
"166","You may reach your emotional limit today, especially if you ar... More for Cancer https://t.co/urx7PEH4uK",FALSE,0,NA,2017-09-20 13:54:46,FALSE,NA,"910502497357152257",NA,"<a href=""http://www.twittascope.com"" rel=""nofollow"">Twittascope</a>","ohthatsshawna",0,FALSE,FALSE,NA,NA,"","en","http://pbs.twimg.com/profile_images/619258258537091072/Y2PhZu10_normal.jpg"
"167","RT @brianschatz: Under this bill, pregnancy will cost you an extra 17K. Metastatic cancer 172K. Autism 5K. Asthma 4K. This isn't a healthca‚Ä¶",FALSE,0,NA,2017-09-20 13:54:46,FALSE,NA,"910502497114091520",NA,"<a href=""http://twitter.com/download/iphone"" rel=""nofollow"">Twitter for iPhone</a>","KaylaNichole26",52248,TRUE,FALSE,NA,NA,"USA ","en","http://pbs.twimg.com/profile_images/901502513437966338/wO1uaXXP_normal.jpg"
"168","You may reach your emotional limit today, especially if you ar... More for Cancer https://t.co/5TDlX0Msh5",FALSE,0,NA,2017-09-20 13:54:46,FALSE,NA,"910502496782581760",NA,"<a href=""http://www.twittascope.com"" rel=""nofollow"">Twittascope</a>","tina_constable9",0,FALSE,FALSE,NA,NA,"cumnock","en","http://pbs.twimg.com/profile_images/524341730943197184/ZPtoZtca_normal.jpeg"
"169","@Marmel @TomWellborn Live in Az. Nephew is fighting stage 4 lung cancer... Already called and emailed McCane hope its enough",FALSE,0,"Marmel",2017-09-20 13:54:45,FALSE,"910497850248671232","910502495708782593","5513002","<a href=""http://twitter.com/download/android"" rel=""nofollow"">Twitter for Android</a>","wthishedoingnow",0,FALSE,FALSE,NA,NA,"Surprise, AZ","en","http://pbs.twimg.com/profile_images/906876453991493633/Hh6MkI3G_normal.jpg"
"170","RT @brianschatz: Under this bill, pregnancy will cost you an extra 17K. Metastatic cancer 172K. Autism 5K. Asthma 4K. This isn't a healthca‚Ä¶",FALSE,0,NA,2017-09-20 13:54:45,FALSE,NA,"910502495193112577",NA,"<a href=""http://twitter.com/download/android"" rel=""nofollow"">Twitter for Android</a>","nyk2025",52248,TRUE,FALSE,NA,NA,"","en","http://pbs.twimg.com/profile_images/852053600352194560/BdZa47vp_normal.jpg"
"171","RT @brianschatz: Under this bill, pregnancy will cost you an extra 17K. Metastatic cancer 172K. Autism 5K. Asthma 4K. This isn't a healthca‚Ä¶",FALSE,0,NA,2017-09-20 13:54:45,FALSE,NA,"910502494681235456",NA,"<a href=""http://twitter.com/download/iphone"" rel=""nofollow"">Twitter for iPhone</a>","AngellCohen",52248,TRUE,FALSE,NA,NA,"Houston, TX","en","http://pbs.twimg.com/profile_images/854423484117790722/buYhwGS7_normal.jpg"
"172","You may reach your emotional limit today, especially if you ar... More for Cancer https://t.co/6b8w0Do6Rz",FALSE,0,NA,2017-09-20 13:54:45,FALSE,NA,"910502494387580930",NA,"<a href=""http://www.twittascope.com"" rel=""nofollow"">Twittascope</a>","I_StayzFly",0,FALSE,FALSE,NA,NA,"","en","http://pbs.twimg.com/profile_images/2344095309/image_normal.jpg"
"173","You may reach your emotional limit today, especially if you ar... More for Cancer https://t.co/5iN29OSbsn",FALSE,0,NA,2017-09-20 13:54:45,FALSE,NA,"910502493158744064",NA,"<a href=""http://www.twittascope.com"" rel=""nofollow"">Twittascope</a>","LovelyLisaBabie",0,FALSE,FALSE,NA,NA,"Aaliyahs heart","en","http://pbs.twimg.com/profile_images/906252137075687424/FrL35IWS_normal.jpg"
"174","You may reach your emotional limit today, especially if you ar... More for Cancer https://t.co/g8Pv8oanUJ",FALSE,0,NA,2017-09-20 13:54:45,FALSE,NA,"910502493150257155",NA,"<a href=""http://www.twittascope.com"" rel=""nofollow"">Twittascope</a>","Slaayy_bossss",0,FALSE,FALSE,NA,NA,"","en","http://pbs.twimg.com/profile_images/870467941921370114/dJtPQLU4_normal.jpg"
"175","By the way any Elder of mine that tells me and expects me to be Sworn to Silence about cancer yet run back... https://t.co/zYAamPjCHj",FALSE,0,NA,2017-09-20 13:54:45,FALSE,NA,"910502492118581249",NA,"<a href=""http://www.facebook.com/twitter"" rel=""nofollow"">Facebook</a>","DoNotGiveUpHope",0,FALSE,FALSE,NA,NA,"United States","en","http://pbs.twimg.com/profile_images/774361824053583872/MIOEsaLN_normal.jpg"
"176","You may reach your emotional limit today, especially if you ar... More for Cancer https://t.co/WFr7PKbnw8",FALSE,0,NA,2017-09-20 13:54:44,FALSE,NA,"910502491028021252",NA,"<a href=""http://www.twittascope.com"" rel=""nofollow"">Twittascope</a>","_insanesoul_",0,FALSE,FALSE,NA,NA,"Los Angeles","en","http://pbs.twimg.com/profile_images/909656694841499648/Coy4J6ix_normal.jpg"
"177","You may reach your emotional limit today, especially if you ar... More for Cancer https://t.co/vvefCjdkjY",FALSE,0,NA,2017-09-20 13:54:44,FALSE,NA,"910502490931568648",NA,"<a href=""http://www.twittascope.com"" rel=""nofollow"">Twittascope</a>","caitlynhickz",0,FALSE,FALSE,NA,NA,"","en","http://pbs.twimg.com/profile_images/420685356120670208/g2rdDHPv_normal.jpeg"
"178","RT @AGSchneiderman: Under this bill, people with metastatic cancer will pay $142,650 more a year to get coverage.

That is not reform. That‚Ä¶",FALSE,0,NA,2017-09-20 13:54:44,FALSE,NA,"910502490696814592",NA,"<a href=""http://twitter.com/download/android"" rel=""nofollow"">Twitter for Android</a>","ObscureCosplay",58365,TRUE,FALSE,NA,NA,"","en","http://pbs.twimg.com/profile_images/783146135141646336/SdL8gY_N_normal.jpg"
"179","Yasss i'm officially done with my bio cancer notes Ì†ºÌæâ",FALSE,0,NA,2017-09-20 13:54:44,FALSE,NA,"910502488079396865",NA,"<a href=""http://twitter.com/download/android"" rel=""nofollow"">Twitter for Android</a>","Nxmjn94",0,FALSE,FALSE,NA,NA,"singapore ","en","http://pbs.twimg.com/profile_images/905741482010615808/PXLl0PXf_normal.jpg"
"180","@Tiffany1985B You didn't hear? Health Insurance doesn't exist in LaLaLand. Everyone is going to die of cancer while‚Ä¶ https://t.co/12ocQZKNuo",FALSE,0,"Tiffany1985B",2017-09-20 13:54:44,TRUE,"910491862204481537","910502488004063234","289669341","<a href=""http://twitter.com"" rel=""nofollow"">Twitter Web Client</a>","briangashley",0,FALSE,FALSE,NA,NA,"Kansas City","en","http://pbs.twimg.com/profile_images/435971898405445632/YnPspXHx_normal.jpeg"
"181","RT @statnews: Breaking: Alnylam's rare disease drug succeeds in clinical trial, paving way for an entirely new class of medicines. https://‚Ä¶",FALSE,0,NA,2017-09-20 13:54:43,FALSE,NA,"910502486972264449",NA,"<a href=""http://twitter.com"" rel=""nofollow"">Twitter Web Client</a>","MogulAzam",38,TRUE,FALSE,NA,NA,"NYC","en","http://pbs.twimg.com/profile_images/1812559498/admire-gray_logo_normal.jpg"
"182","You may reach your emotional limit today, especially if you ar... More for Cancer https://t.co/3T9HsOLJj0",FALSE,0,NA,2017-09-20 13:54:43,FALSE,NA,"910502485529305089",NA,"<a href=""http://www.twittascope.com"" rel=""nofollow"">Twittascope</a>","ThatsMoniki_Huh",0,FALSE,FALSE,NA,NA,"","en","http://pbs.twimg.com/profile_images/530338354911776769/hbPkPBYT_normal.jpeg"
"183","You may reach your emotional limit today, especially if you ar... More for Cancer https://t.co/Tmch2Gmyxl",FALSE,0,NA,2017-09-20 13:54:43,FALSE,NA,"910502484736479233",NA,"<a href=""http://www.twittascope.com"" rel=""nofollow"">Twittascope</a>","aimssss714",0,FALSE,FALSE,NA,NA,"Wilson, PA","en","http://pbs.twimg.com/profile_images/907922950627655680/KEr1OHZT_normal.jpg"
"184","You may reach your emotional limit today, especially if you ar... More for Cancer https://t.co/XcpBiSYBOC",FALSE,0,NA,2017-09-20 13:54:42,FALSE,NA,"910502481393848320",NA,"<a href=""http://www.twittascope.com"" rel=""nofollow"">Twittascope</a>","johnflannery06",0,FALSE,FALSE,NA,NA,"","en","http://pbs.twimg.com/profile_images/378800000758291926/a782b3afcca8a8d83fa177196a3edae8_normal.jpeg"
"185","RT @BingbongSharief: Get the Gear, Give the Gear. Fight against pediatric cancer. https://t.co/BTVRjIeLMK https://t.co/V7zHMkUetF https://t‚Ä¶",FALSE,0,NA,2017-09-20 13:54:42,FALSE,NA,"910502481242787840",NA,"<a href=""http://twitter.com"" rel=""nofollow"">Twitter Web Client</a>","tearreagomu1974",2,TRUE,FALSE,NA,NA,"","ru","http://pbs.twimg.com/profile_images/885775523774832640/2upOPWhV_normal.jpg"
"186","RT @brianschatz: Under this bill, pregnancy will cost you an extra 17K. Metastatic cancer 172K. Autism 5K. Asthma 4K. This isn't a healthca‚Ä¶",FALSE,0,NA,2017-09-20 13:54:41,FALSE,NA,"910502477824327680",NA,"<a href=""http://twitter.com/download/iphone"" rel=""nofollow"">Twitter for iPhone</a>","KBarneys",52248,TRUE,FALSE,NA,NA,"","en","http://pbs.twimg.com/profile_images/864535036170649600/ky4q3zZO_normal.jpg"
"187","You may reach your emotional limit today, especially if you ar... More for Cancer https://t.co/ZVmcXXmn2F",FALSE,0,NA,2017-09-20 13:54:41,FALSE,NA,"910502475634851841",NA,"<a href=""http://www.twittascope.com"" rel=""nofollow"">Twittascope</a>","CalitaRockDoll",0,FALSE,FALSE,NA,NA,"Everywhere Positive, MD","en","http://pbs.twimg.com/profile_images/378800000126904169/71960a920357e573d84fb6ec432af627_normal.png"
"188","You may reach your emotional limit today, especially if you ar... More for Cancer https://t.co/cupzwbyA35",FALSE,0,NA,2017-09-20 13:54:40,FALSE,NA,"910502473508446209",NA,"<a href=""http://www.twittascope.com"" rel=""nofollow"">Twittascope</a>","iamhersj",0,FALSE,FALSE,NA,NA,"","en","http://pbs.twimg.com/profile_images/462470822309797889/crrtBwn8_normal.jpeg"
"189","You may reach your emotional limit today, especially if you ar... More for Cancer https://t.co/PeWuLY7aIj",FALSE,0,NA,2017-09-20 13:54:40,FALSE,NA,"910502472417812480",NA,"<a href=""http://www.twittascope.com"" rel=""nofollow"">Twittascope</a>","tyleraaron64",0,FALSE,FALSE,NA,NA,"belleville","en","http://pbs.twimg.com/profile_images/783974649000366080/A9Py0Ja__normal.jpg"
"190","You may reach your emotional limit today, especially if you ar... More for Cancer https://t.co/X7OvlfkNW7",FALSE,0,NA,2017-09-20 13:54:40,FALSE,NA,"910502472359198720",NA,"<a href=""http://www.twittascope.com"" rel=""nofollow"">Twittascope</a>","evrythingTAILAR",0,FALSE,FALSE,NA,NA,"Fresno State University","en","http://pbs.twimg.com/profile_images/2487606107/evrythingTAILAR_normal.jpg"
"191","RT @ReallyGoldsmith: YO THEY DIAGNOSED MY DOG W/CANCER &amp; HE BEEN DOING CHEMO BUT THE DR. JUST CALLED &amp; SAID HE DOESNT HAVE IT NEMORE THANK‚Ä¶",FALSE,0,NA,2017-09-20 13:54:40,FALSE,NA,"910502471058866177",NA,"<a href=""http://twitter.com/download/android"" rel=""nofollow"">Twitter for Android</a>","troubleholick_",836,TRUE,FALSE,NA,NA,"Desert Pot Springs, CA","en","http://pbs.twimg.com/profile_images/898559891987546113/fWPdP2bj_normal.jpg"
"192","RT @brianschatz: Under this bill, pregnancy will cost you an extra 17K. Metastatic cancer 172K. Autism 5K. Asthma 4K. This isn't a healthca‚Ä¶",FALSE,0,NA,2017-09-20 13:54:39,FALSE,NA,"910502470316462080",NA,"<a href=""https://mobile.twitter.com"" rel=""nofollow"">Twitter Lite</a>","OPSVeracity",52248,TRUE,FALSE,NA,NA,"49th District of California","en","http://pbs.twimg.com/profile_images/896118538930339841/2mbXKNX7_normal.jpg"
"193","RT @brianschatz: Under this bill, pregnancy will cost you an extra 17K. Metastatic cancer 172K. Autism 5K. Asthma 4K. This isn't a healthca‚Ä¶",FALSE,0,NA,2017-09-20 13:54:39,FALSE,NA,"910502469569888257",NA,"<a href=""http://twitter.com/download/android"" rel=""nofollow"">Twitter for Android</a>","RestingMyWings",52248,TRUE,FALSE,NA,NA,"","en","http://pbs.twimg.com/profile_images/873298158612357120/JLbA670R_normal.jpg"
"194","A drug that‚Äôs part of a brand new class of medicines just got one step closer to approval https://t.co/szulFnWpue https://t.co/KWkGqJJIML",FALSE,0,NA,2017-09-20 13:54:39,FALSE,NA,"910502469440032768",NA,"<a href=""http://www.businessinsider.com"" rel=""nofollow"">Business Insider</a>","SciInsider",0,FALSE,FALSE,NA,NA,"New York, NY","en","http://pbs.twimg.com/profile_images/907984129786081285/HvIqPIED_normal.jpg"
"195","You may reach your emotional limit today, especially if you ar... More for Cancer https://t.co/Qg56ZAyO8g",FALSE,0,NA,2017-09-20 13:54:39,FALSE,NA,"910502469246922752",NA,"<a href=""http://www.twittascope.com"" rel=""nofollow"">Twittascope</a>","wbsmith1751",0,FALSE,FALSE,NA,NA,"","en","http://pbs.twimg.com/profile_images/890175691404316673/4O-ouTa3_normal.jpg"
"196","You may reach your emotional limit today, especially if you ar... More for Cancer https://t.co/ZsuWXYzwvP",FALSE,0,NA,2017-09-20 13:54:39,FALSE,NA,"910502467879657472",NA,"<a href=""http://www.twittascope.com"" rel=""nofollow"">Twittascope</a>","Jmpalmer_0323",0,FALSE,FALSE,NA,NA,"","en","http://pbs.twimg.com/profile_images/467843455096741888/4MOT8LCr_normal.jpeg"
"197","Is it all bad? Learning to love, cancer and all | Cheryl Heykoop | TEDxRoyalRoadsU https://t.co/l9hQat0koe",FALSE,0,NA,2017-09-20 13:54:39,FALSE,NA,"910502467510706176",NA,"<a href=""http://www.google.com/"" rel=""nofollow"">Google</a>","TipHippie",0,FALSE,FALSE,NA,NA,"Nederland","en","http://pbs.twimg.com/profile_images/610155012275220480/mXW7nUcb_normal.png"
"198","You may reach your emotional limit today, especially if you ar... More for Cancer https://t.co/0vPhIZ3SUw",FALSE,0,NA,2017-09-20 13:54:39,FALSE,NA,"910502466822668288",NA,"<a href=""http://www.twittascope.com"" rel=""nofollow"">Twittascope</a>","jarratt715",0,FALSE,FALSE,NA,NA,"","en","http://pbs.twimg.com/profile_images/3758114077/e4edebf30a779aa2918ee43e33279ffb_normal.jpeg"
"199","RT @brianschatz: Under this bill, pregnancy will cost you an extra 17K. Metastatic cancer 172K. Autism 5K. Asthma 4K. This isn't a healthca‚Ä¶",FALSE,0,NA,2017-09-20 13:54:38,FALSE,NA,"910502466214445058",NA,"<a href=""http://www.twitter.com"" rel=""nofollow"">Twitter for BlackBerry</a>","jg_wilcox",52248,TRUE,FALSE,NA,NA,"","en","http://pbs.twimg.com/profile_images/825787141892427776/UOq_3DKG_normal.jpg"
"200","RT @brianschatz: Under this bill, pregnancy will cost you an extra 17K. Metastatic cancer 172K. Autism 5K. Asthma 4K. This isn't a healthca‚Ä¶",FALSE,0,NA,2017-09-20 13:54:38,FALSE,NA,"910502465564499968",NA,"<a href=""http://twitter.com/download/android"" rel=""nofollow"">Twitter for Android</a>","jnovak9106",52248,TRUE,FALSE,NA,NA,"Illinois, USA","en","http://pbs.twimg.com/profile_images/844928860068216832/jARCssAY_normal.jpg"
